WORD,age_of_acquisition,concreteness,familiarity,imageability
a,0,201,632,217
abandon,0,0,510,395
abandonment,544,272,359,348
abasement,0,275,226,262
abatement,644,250,294,189
abbess,0,401,187,318
abdication,0,275,284,326
abdomen,556,586,426,548
abduction,0,337,413,463
aberration,0,330,208,285
abhor,0,320,360,335
ability,453,273,563,327
able,0,302,575,284
abode,553,498,334,458
abominable,0,0,358,387
aboriginal,0,335,295,389
about,0,227,593,225
above,0,0,607,346
abridgement,644,285,303,240
abrupt,0,266,486,362
abscess,533,538,392,491
absolute,0,0,495,268
absolution,608,241,372,256
abstraction,0,0,368,0
abstruse,0,0,136,225
abundance,519,267,448,386
abundant,0,351,524,443
abuse,0,0,450,0
abyss,597,450,293,453
academy,0,499,509,504
acceleration,536,358,499,486
acceptable,0,0,521,288
accident,329,419,564,518
accomplice,0,395,446,391
accord,0,299,418,248
accordance,544,270,431,237
accordion,0,586,394,576
account,0,365,523,361
accumulation,539,285,451,354
accurate,0,0,566,305
accuser,511,424,363,343
ache,0,443,523,443
acidity,622,384,399,432
acknowledge,0,290,503,316
acorn,0,0,397,0
acre,411,462,427,464
acrobat,0,566,431,583
act,319,379,566,433
active,0,0,552,436
actual,0,0,589,259
acumen,0,272,149,229
adage,0,373,160,324
adder,356,615,361,583
addition,314,339,535,347
additional,0,0,489,303
adequate,0,0,485,268
adherence,603,265,375,326
adjective,0,316,515,394
adjournment,606,311,327,305
administration,561,331,502,413
admiral,0,528,436,543
admire,0,296,531,390
admission,458,305,482,389
admonish,0,269,341,302
adolescence,597,267,444,467
adorn,0,339,441,370
adult,0,492,590,526
adultery,583,311,456,494
advantage,0,282,562,292
adventurer,406,462,402,497
adverb,0,352,473,315
adversity,0,314,360,326
advice,425,291,566,352
adze,0,283,138,256
aerial,428,517,481,567
affable,0,0,266,315
affair,0,0,531,361
affection,467,280,513,484
affectionate,0,0,507,471
affirm,0,0,444,281
affirmation,583,242,332,313
affright,656,229,219,232
afraid,0,336,575,451
after,0,242,575,217
afternoon,281,406,655,513
against,0,0,600,285
age,258,390,582,468
agency,553,426,420,366
aggress,0,271,351,270
aggressive,0,0,500,417
aggressor,589,439,359,383
agile,0,356,432,454
agility,0,327,397,464
agony,461,348,509,491
agreement,0,327,541,367
ague,661,365,196,224
ah,0,253,519,330
aid,0,372,536,413
ail,0,385,370,391
aim,344,324,549,383
air,0,518,608,450
airship,406,585,332,545
airy,0,334,423,368
aisle,0,509,503,528
alacrity,678,269,245,189
albatross,528,621,309,583
albumin,0,415,217,352
alchemist,664,462,262,394
alcohol,0,618,578,598
ale,0,578,454,526
alert,0,400,528,428
algae,631,545,317,424
algebra,0,453,483,510
alias,561,232,384,294
alien,0,399,479,470
alimony,0,454,415,456
alive,0,0,593,426
alkali,633,437,391,432
all,0,267,582,332
allegation,631,272,383,291
allege,0,0,279,281
allegory,650,283,314,244
alley,0,557,526,572
alligator,0,624,442,627
allophone,0,0,74,0
allotment,486,502,420,470
allow,0,268,504,373
ally,446,485,410,453
alone,0,390,562,480
alphabet,244,449,493,499
also,0,194,552,264
alter,0,430,503,413
alternative,0,0,518,268
although,0,218,573,208
altitude,534,373,420,472
aluminium,514,600,453,505
always,0,249,600,280
am,0,259,603,247
amateur,522,388,502,397
amazement,0,277,495,456
ambassador,0,546,477,545
ambition,483,281,517,346
ambitious,0,0,540,404
ambulance,0,595,499,627
ambush,0,0,436,0
amendment,597,326,403,305
amethyst,567,573,285,510
amity,656,278,200,205
ammonia,0,563,524,536
amount,392,335,583,316
amour,0,308,362,536
ampere,0,327,272,304
amplifier,0,564,474,559
amplitude,650,315,374,389
amuse,0,321,486,455
an,0,217,595,195
analogy,617,247,417,267
analytic,0,0,405,303
anchor,0,595,458,561
ancient,0,0,429,451
and,0,220,620,226
anecdote,619,398,388,357
angel,242,399,470,554
anger,0,315,541,488
angle,0,467,518,503
angry,0,0,600,492
animal,222,587,620,575
animosity,0,253,324,388
ankle,264,608,543,613
anneal,0,267,176,219
annex,536,464,390,435
announcement,464,368,519,381
annual,0,0,464,339
answer,294,397,605,368
ant,0,604,511,613
antagonism,636,288,417,378
anteroom,629,512,241,375
anticipation,572,288,492,435
antique,439,492,484,549
anvil,0,0,302,0
anxiety,0,241,548,422
anxious,0,0,544,376
any,0,222,542,206
anybody,306,343,591,329
anyone,0,0,605,288
apart,0,304,555,364
apartment,522,575,491,556
apathy,0,364,472,376
ape,0,654,547,616
aperture,639,467,356,424
apex,0,408,321,375
apology,406,311,510,400
apparent,0,0,531,266
appeal,431,333,514,402
appear,0,271,534,341
appearance,0,358,578,425
appendix,0,0,493,0
apple,211,620,598,637
appliance,0,558,493,554
appointment,425,341,541,386
appraise,0,279,459,306
appreciate,0,0,552,300
approach,444,323,508,329
approval,469,267,526,375
apricot,386,638,428,591
apron,0,0,516,565
apt,0,183,428,295
aptitude,0,241,505,310
arbiter,664,421,238,257
arbitrary,0,0,427,276
arbor,0,430,289,374
arc,0,471,397,494
arch,367,512,483,557
archery,433,470,351,550
ardent,0,0,364,347
are,0,195,564,262
area,392,384,560,394
argue,0,0,564,412
arid,0,399,418,433
arise,0,0,409,354
aristocracy,569,371,401,470
ark,0,561,417,517
arm,192,592,608,593
armadillo,0,558,181,401
armour,400,591,406,536
army,317,543,555,578
aromatic,0,0,307,443
arrangement,489,308,525,316
array,0,371,383,365
arrival,394,328,548,419
arrogant,0,0,407,402
arrow,0,595,490,619
art,0,440,529,493
article,406,479,533,421
artifice,637,388,252,240
artificial,0,350,514,386
artist,0,554,547,600
artistic,0,0,468,441
as,0,158,586,224
asbestos,578,578,427,513
ash,343,583,494,553
ashamed,0,325,516,397
ashen,0,351,274,395
asparagus,0,608,534,590
aspect,547,217,482,233
asphalt,0,583,488,569
aspirin,0,574,546,542
assault,0,410,470,481
assemblage,0,0,286,0
assemble,417,394,482,413
assent,575,311,325,345
assist,0,342,516,368
assistance,464,288,534,348
assortment,408,355,492,367
assumption,0,0,521,257
aster,631,447,205,224
astrolabe,697,391,126,150
astronomy,489,419,391,483
astute,0,241,335,261
asymptote,0,0,281,0
ate,0,385,562,364
athlete,428,545,482,591
atmosphere,517,385,540,444
atom,0,481,513,499
atrocity,589,296,371,404
attack,0,411,542,501
attempt,392,313,558,302
attend,0,324,545,386
attendant,0,533,494,499
attentive,0,0,479,352
attitude,481,265,553,321
attribute,0,266,421,295
audience,425,515,511,555
audit,642,371,326,253
audition,0,370,479,395
auditorium,0,552,519,573
aunt,233,564,554,567
aural,0,309,192,253
aurora,636,346,254,345
authentic,0,276,477,428
author,414,502,554,460
authoritative,0,0,443,356
automobile,483,607,456,628
autumn,278,421,533,622
available,0,0,566,285
avalanche,0,554,399,596
avenue,372,539,529,564
average,0,0,579,297
aviator,575,492,272,445
avid,0,275,354,325
avowal,642,240,215,208
await,0,0,456,293
aware,0,0,546,298
away,0,257,573,272
awkward,0,329,502,419
awl,0,413,257,292
axe,311,623,461,597
axil,0,467,323,389
axiom,0,306,318,311
axle,0,555,482,560
aye,0,233,333,255
babe,303,562,370,562
baby,0,589,597,608
back,225,540,587,483
background,400,383,540,427
bacteria,0,560,460,505
bad,0,308,592,388
badge,0,561,473,519
bag,217,603,634,570
bagpipe,377,601,397,594
bail,0,441,485,480
bake,0,0,549,495
balance,367,366,545,429
bale,0,462,386,473
ball,150,615,575,622
balloon,0,623,520,583
ballot,539,455,453,437
banality,0,292,175,255
banana,0,633,576,644
band,236,590,555,579
bandage,0,639,546,554
bandit,0,547,388,562
bang,0,435,503,470
bank,0,573,573,560
banker,392,547,524,565
banner,0,567,381,569
bar,0,565,592,596
barb,528,527,302,448
bard,0,395,224,406
bare,0,399,521,487
bargain,394,399,552,505
bark,0,563,518,539
barn,289,614,466,589
barnacle,0,542,277,458
baron,472,513,339,498
barrel,319,590,487,602
base,369,441,520,436
basement,0,585,522,571
basic,0,0,533,271
basilisk,0,0,79,0
basin,250,602,504,542
basket,0,606,485,560
bass,0,547,540,544
bat,0,564,514,586
bath,172,600,599,601
baton,0,570,424,516
battle,0,564,537,597
bawl,0,384,429,417
bay,336,580,474,570
bayonet,500,600,293,548
be,0,225,613,274
beach,0,612,553,667
beak,0,552,476,574
beam,394,502,476,539
bean,0,604,549,538
bear,0,585,526,572
beast,319,564,456,558
beat,0,361,536,406
beau,611,419,242,394
beautiful,0,393,609,532
beauty,344,336,561,513
beaver,0,589,470,612
became,0,273,531,262
because,0,196,604,244
become,0,0,603,259
bed,169,635,636,635
bedel,0,276,118,177
bedroom,206,615,646,629
bee,0,597,554,623
beech,0,446,374,435
beef,0,637,598,625
been,0,215,567,222
beer,0,587,604,598
beet,0,645,497,555
beetle,0,619,503,640
before,0,261,583,255
beg,0,300,529,431
began,0,0,593,251
beggar,364,533,435,593
beginning,311,318,593,359
behaviour,400,295,573,351
behind,0,0,603,371
belfry,0,526,211,453
belief,447,270,554,328
bell,0,620,543,610
belle,0,388,341,401
belligerent,0,0,320,344
belly,0,630,486,576
beloved,453,356,406,456
below,0,0,566,317
belt,0,602,550,494
bench,311,614,488,555
bend,0,0,510,460
benefactor,600,449,356,345
beneficial,0,251,496,362
benefit,0,376,481,445
benzene,675,535,318,418
bequest,600,349,316,294
bereavement,0,298,249,409
beret,0,578,419,517
berry,289,573,470,551
berth,0,425,379,402
besieger,592,441,255,335
best,0,282,600,324
bet,364,403,527,453
betel,0,320,129,238
betrayal,492,258,392,358
better,0,0,633,274
betterment,569,270,293,310
beverage,0,526,566,565
bewilderment,522,270,421,407
bias,0,0,399,0
bib,0,548,380,488
bid,425,364,473,394
bier,0,411,162,294
big,0,0,640,463
bilious,0,0,154,293
bill,406,528,552,535
bin,192,598,580,562
biology,0,400,526,441
birch,0,620,518,561
bird,206,602,592,614
birth,328,471,527,532
biscuit,0,574,521,571
bishop,0,587,467,524
bison,0,0,298,541
bit,0,392,460,432
bite,214,509,593,553
bitter,0,409,526,457
bivouac,0,487,154,370
blacksmith,0,589,407,575
blade,344,584,517,568
blame,328,293,541,356
bland,0,338,436,348
blanket,211,622,563,582
blasphemy,0,324,327,355
bleach,0,544,549,510
bleak,0,307,466,435
blessing,392,277,483,422
blew,0,367,533,404
blind,0,443,531,485
blink,0,0,450,471
blister,0,573,462,616
block,244,558,544,483
blonde,0,502,563,608
blood,253,613,571,620
bloom,403,520,426,524
blossom,0,559,507,618
blouse,0,640,562,595
blow,0,397,528,458
blue,0,459,593,569
bluebell,303,621,416,605
blunder,0,322,475,432
blunderbuss,0,423,221,358
blunt,0,0,434,404
blush,378,465,535,551
boar,0,558,455,524
board,0,565,546,592
boast,378,295,491,416
boat,0,637,584,631
boating,0,494,519,533
boatswain,578,543,230,343
body,267,568,610,614
boil,0,467,533,533
boisterous,0,0,368,404
bole,0,339,114,213
boll,0,350,210,270
bolt,369,556,466,551
bomb,0,595,566,606
bond,491,403,454,380
bone,0,588,541,567
bonus,0,0,539,397
book,214,609,643,591
boot,251,595,566,604
booth,508,556,444,486
border,417,444,489,453
bore,0,344,543,404
boredom,0,262,527,406
born,0,336,566,435
borne,0,324,380,346
bosom,489,552,425,593
boss,0,552,574,554
botany,0,444,459,410
both,0,322,598,298
bother,322,267,583,369
bottle,0,591,591,619
bottom,0,0,587,436
boulder,0,597,495,614
boundary,472,411,481,435
bouquet,0,566,473,599
bow,271,572,489,546
bowl,256,575,557,579
box,192,597,599,591
boy,0,609,606,618
bra,0,629,575,624
bracelet,0,602,547,606
brain,347,556,580,572
brake,0,526,551,511
bramble,0,378,295,377
branch,303,583,529,548
brandy,0,595,542,590
brass,414,577,469,524
brat,0,501,507,536
brave,0,283,544,427
bravery,0,261,466,450
brawl,494,456,418,485
bread,0,622,611,619
break,0,360,529,398
breakfast,233,576,657,586
breast,0,580,555,597
breath,331,479,572,480
bred,0,308,423,387
breeze,351,500,511,560
bribe,0,367,531,425
brick,261,610,529,574
bridge,289,623,561,608
brief,0,361,523,344
brigand,589,464,270,332
bright,0,473,589,489
brilliant,0,350,493,482
brim,394,509,430,510
brisket,0,456,364,370
bristle,383,558,461,562
broad,0,399,523,463
brocade,592,540,298,416
broil,0,448,502,515
broke,0,394,528,485
broken,0,383,576,469
bronze,0,568,398,588
brook,375,611,384,597
broom,0,613,547,608
brother,219,585,598,589
brownie,381,535,386,553
brush,214,589,579,570
brutal,0,402,446,427
brutality,0,344,454,489
brute,0,462,430,481
bubble,272,563,508,604
bucket,0,594,506,586
buckle,0,568,474,587
bud,331,549,465,508
budget,497,366,517,394
buffer,553,509,402,459
buffoon,0,418,262,393
build,0,402,554,399
builder,0,532,554,551
bulky,0,0,471,458
bulldog,394,626,370,583
bullet,0,595,517,611
bump,0,525,541,476
bunch,317,452,503,486
bungalow,0,564,421,543
bunny,0,0,471,585
buoyant,0,0,321,426
burden,474,391,446,499
bureau,461,547,395,497
burgher,0,0,133,317
burial,446,477,400,544
burlap,0,583,412,488
burn,217,490,548,541
burner,0,500,518,488
burrow,0,426,421,444
bury,0,372,479,401
bush,256,585,532,549
business,436,389,563,441
busy,0,329,600,403
busybody,0,463,393,510
but,0,227,603,206
butcher,0,556,473,596
butler,0,0,425,543
butter,206,618,615,603
butterfly,0,593,481,624
button,192,613,573,580
buy,0,370,575,397
buyer,0,0,487,463
by,0,208,598,229
byre,0,234,151,231
cabbage,0,611,504,573
cabin,0,596,523,582
cabinet,383,593,472,524
cable,0,544,492,469
cactus,0,0,400,0
cafe,0,568,531,625
cage,300,593,487,585
cake,214,624,594,624
calculus,689,331,364,435
calf,0,592,511,565
call,225,389,599,424
calm,0,360,547,439
came,0,265,563,288
camel,0,597,421,561
camera,0,627,550,576
camouflage,0,480,341,513
camp,308,571,541,588
can,0,365,620,369
canal,350,598,464,588
canary,0,577,411,533
cancer,0,615,556,567
candid,0,0,374,337
candidate,578,489,488,452
candle,0,565,544,594
candy,0,602,559,601
cane,0,590,442,608
cannon,0,604,498,588
canoe,394,623,441,602
canon,0,541,424,493
canteen,436,587,490,540
cap,0,0,429,0
capable,0,0,554,315
capacity,0,293,512,373
cape,0,581,521,566
capital,380,448,538,518
capitol,0,529,529,545
capitulate,647,270,311,262
capsule,0,540,505,594
captain,0,534,498,497
captive,0,516,415,518
car,197,622,634,638
carat,0,488,383,345
caravan,0,539,304,562
carbohydrate,611,419,461,461
carbon,0,511,470,445
card,0,565,543,578
cardinal,0,600,451,531
care,0,342,563,383
career,514,373,589,418
cargo,0,0,401,497
carnage,628,376,298,351
carnation,0,625,490,611
carol,0,535,489,499
carp,0,613,439,539
carpet,0,581,508,538
carriage,367,576,436,529
carrot,0,622,539,577
carry,0,364,554,393
cart,258,576,454,597
cartilage,592,525,396,421
case,311,548,553,517
casement,0,545,231,468
cash,0,547,592,588
casket,0,613,466,588
cast,0,502,495,483
caste,0,368,421,423
castle,0,0,415,0
castor,453,535,365,429
casualty,0,0,503,0
cat,0,615,582,617
catastrophe,525,305,428,435
caterpillar,0,586,457,626
catfish,411,614,416,544
cathedral,0,553,440,599
cattle,261,600,511,619
caucus,0,402,320,366
caught,0,340,550,401
caul,0,273,87,188
cauliflower,0,642,462,567
causality,0,381,347,334
cause,408,287,557,282
caustic,0,0,307,317
cautious,0,0,515,363
cave,0,592,526,601
cavern,433,534,400,548
cedar,425,608,381,516
cede,0,239,193,240
ceiling,0,606,531,557
cell,0,542,520,590
cellar,361,572,467,572
cello,0,0,295,0
cement,0,646,516,578
cent,433,544,473,518
centennial,0,351,468,421
center,0,371,540,459
century,414,346,514,395
cereal,0,637,543,576
cerebrum,0,536,381,518
ceremony,419,430,501,523
certificate,439,517,488,529
chain,311,595,513,559
chair,0,606,617,610
chalk,0,634,560,601
challenge,456,308,515,402
chamois,0,488,276,464
champion,361,459,507,508
chance,0,254,563,354
channel,411,527,482,508
chaos,0,299,450,464
chaotic,0,313,439,434
chapel,361,587,471,560
character,464,365,551,372
charity,433,373,518,445
charlatan,0,407,201,350
charm,456,352,514,455
chart,0,532,533,531
charter,0,466,402,406
chasm,0,479,270,456
chassis,589,561,327,386
chatterbox,314,477,439,516
cheat,0,329,549,457
cheek,267,565,533,561
cheery,0,0,417,449
chemistry,0,374,533,458
cherry,317,611,514,582
chest,0,580,543,556
chestnut,0,600,523,602
chic,0,454,440,437
chicken,250,614,544,619
chief,0,503,482,545
child,0,581,585,619
childhood,372,335,515,489
childish,0,0,539,417
children,0,582,608,597
chilly,0,379,536,460
chimney,0,0,479,0
chin,0,592,545,608
china,0,578,507,597
chinchilla,0,558,393,530
chink,458,462,393,429
chipmunk,0,611,529,609
chisel,0,597,469,567
chloride,0,547,391,435
chlorine,586,591,433,480
chocolate,0,576,560,611
choir,0,567,526,567
choose,0,308,534,299
chop,317,555,487,575
choral,0,460,411,490
chorus,0,0,408,509
chow,561,443,298,326
christmas,0,432,611,629
chrome,528,555,385,491
chronology,631,266,302,291
chuckle,0,429,505,497
church,278,587,560,616
chute,0,496,437,467
cider,431,626,507,626
cigar,0,580,536,619
cigarette,0,607,573,645
cinder,0,579,382,519
cinnamon,0,599,515,571
cinque,0,250,161,239
circle,214,515,581,591
circuit,494,493,442,472
circular,0,404,487,543
circumspect,0,0,256,0
circumstance,519,250,511,210
circus,0,535,489,586
citation,0,425,306,386
cite,0,337,366,331
citizen,0,455,535,445
city,0,554,616,605
civil,0,0,508,317
civilization,503,361,491,437
claim,417,331,525,321
clam,0,564,486,541
clammy,0,393,459,466
clamour,561,353,351,362
clang,0,423,431,445
clarinet,0,633,464,593
clash,422,399,488,456
clasp,392,498,441,456
classic,0,0,466,0
claw,0,587,445,600
clay,358,606,455,575
clean,0,392,610,454
clear,0,359,576,456
clearance,547,328,418,319
cleat,0,546,333,481
cleaver,561,526,357,478
clemency,0,264,233,334
clever,333,313,515,378
cliff,322,591,479,599
clinch,0,369,474,423
clink,392,456,382,472
cloak,0,543,423,518
clock,0,591,608,614
close,283,391,587,420
closer,0,323,536,393
closet,0,599,540,525
cloth,0,580,561,547
clothing,0,570,614,588
cloud,0,554,553,595
clove,500,565,395,446
clover,0,554,486,606
clown,0,627,511,589
club,0,509,533,522
clue,0,380,533,375
clumsy,0,386,512,436
clung,0,0,297,354
coach,314,561,509,560
coal,278,584,513,581
coarse,0,445,506,494
coast,0,562,541,588
coat,197,601,610,572
cobweb,0,0,379,0
cock,314,611,434,586
cocktail,0,576,511,604
coffee,292,613,625,618
coffer,603,534,279,302
coffin,0,595,531,606
cognition,0,270,432,321
coif,694,421,157,202
coil,0,490,498,492
coin,0,581,564,603
coke,0,580,585,623
cold,183,457,626,531
collar,0,622,509,582
collection,428,403,538,419
college,0,554,620,590
collegiate,653,379,217,216
colonel,0,523,482,552
colony,0,511,445,481
colouration,561,402,310,435
column,436,520,519,491
combination,475,326,493,326
combine,0,402,493,359
combustion,0,462,452,505
come,0,355,608,322
comedy,0,365,588,489
comestible,664,321,152,183
comet,0,0,426,521
comfort,0,402,566,421
comfortable,0,0,593,434
comforter,0,467,392,499
command,0,377,526,366
commander,456,512,409,478
commence,0,0,489,0
commencement,550,293,407,291
commercial,525,423,536,460
committee,517,498,532,481
commode,0,482,354,447
common,0,0,595,276
communication,503,399,527,391
community,522,388,499,416
compact,0,441,518,462
company,436,424,573,426
comparison,0,311,560,336
compatriot,572,441,331,405
competence,0,256,458,339
competent,0,0,478,295
competition,381,342,544,443
complacent,0,268,382,365
complete,0,0,605,341
complication,528,323,480,289
compliment,506,302,511,406
composer,461,487,448,467
composure,0,324,458,361
comprehensive,0,0,427,278
compression,628,356,360,375
computation,0,0,328,329
comrade,492,497,397,515
comradeship,0,315,374,450
concave,0,0,370,480
conceited,0,0,497,410
concept,0,264,532,258
concern,444,509,519,353
concert,386,252,520,578
conclusion,536,278,577,345
concrete,0,562,528,564
concurrence,644,272,314,256
condemn,0,314,500,349
condescension,0,285,331,295
condition,461,303,571,297
cone,275,573,506,559
conference,539,417,498,465
confidence,481,270,566,371
confident,0,0,554,390
confiscate,0,323,456,393
conflict,497,305,494,432
confusion,472,282,554,437
congenial,0,0,314,352
congress,575,384,389,356
conjugation,633,303,340,272
conjunction,0,288,460,361
connoisseur,0,483,354,513
conquest,0,339,441,422
conscience,503,255,536,386
conscientious,0,0,470,354
conscious,0,0,571,354
consequence,514,260,502,299
conservation,583,303,476,391
conservative,0,0,545,373
consider,0,0,562,264
considerable,0,302,542,297
consideration,494,260,500,318
consist,0,0,556,249
consistent,0,0,500,298
consolation,519,270,457,335
conspirator,556,464,364,386
constant,0,0,531,290
constitution,611,367,466,395
construction,517,464,466,410
consummation,658,318,335,324
contact,0,456,543,449
contamination,594,341,388,456
content,389,300,553,391
contents,0,414,566,386
context,0,314,460,274
continent,453,459,459,478
continuation,492,288,470,321
contract,0,467,509,457
contraction,592,368,454,397
contradictory,0,0,493,285
contribution,0,353,505,394
control,411,311,559,347
convent,0,537,458,559
convention,0,488,466,502
conveyance,622,368,384,397
convocation,683,258,175,151
cook,0,502,568,504
cool,0,364,567,429
cope,0,347,516,344
copious,0,273,213,304
copper,428,547,491,548
coral,434,572,425,561
cord,0,564,477,549
core,344,459,459,497
cork,0,608,544,631
corn,0,576,548,601
corner,0,533,556,556
cornet,0,527,364,436
cornice,653,490,252,302
corporation,522,361,427,337
corps,0,438,433,408
corpse,0,587,406,614
correspondent,558,441,484,424
corridor,353,568,579,553
corse,622,360,220,183
cost,0,348,589,401
costume,392,544,456,538
cot,0,0,391,0
cottage,0,593,543,607
cotton,306,608,521,562
couch,0,578,521,536
could,0,0,622,210
coulomb,0,317,176,257
council,464,435,508,405
count,0,351,574,459
counterpane,536,505,327,418
country,329,465,592,539
courage,419,277,511,440
course,0,389,564,391
court,0,509,549,552
courteous,0,364,515,387
courtship,0,346,423,520
cousin,278,502,515,478
cover,289,502,597,443
cow,0,621,529,632
cowardice,0,263,431,344
cowardly,0,245,495,378
cowboy,0,0,521,0
cowhide,0,587,346,528
crab,292,626,433,589
cradle,0,587,478,592
craft,422,464,487,429
crag,0,556,245,479
cranberry,0,596,483,649
crane,350,606,428,562
cranium,0,558,313,460
crank,0,448,475,524
craven,608,295,288,262
crawl,0,408,519,488
cream,0,621,514,557
creative,0,0,513,404
creator,0,395,431,409
creature,353,541,508,492
creeper,431,555,390,526
crew,366,523,442,486
crime,383,387,537,471
crisis,0,319,521,375
criterion,0,261,349,250
critical,0,0,517,305
criticism,561,316,518,333
croak,0,395,446,445
crock,517,456,356,351
crocodile,0,583,456,601
crook,374,520,467,526
crooked,0,387,487,487
croquet,0,559,418,539
cross,0,514,525,501
crow,308,590,490,578
crowd,0,546,523,548
crown,0,586,531,602
crucifix,475,564,416,576
cruiser,0,571,490,553
crumb,0,541,524,497
crush,339,381,480,480
crutch,0,0,441,0
cry,0,436,566,478
crypt,539,573,320,553
crystal,0,587,510,579
cube,383,530,502,575
cucumber,0,653,536,623
cue,554,532,420,448
cuisine,0,497,335,541
cult,586,349,437,386
culture,0,351,523,339
cunning,426,265,417,380
cup,0,539,595,558
curb,0,577,526,556
cure,350,352,526,397
curfew,0,426,475,471
curiosity,389,303,515,394
curler,0,600,501,521
current,0,0,509,497
curse,450,363,484,415
curve,364,447,521,520
custard,0,549,460,515
custom,0,323,538,364
customary,0,0,452,290
customer,369,505,549,488
cut,0,430,581,460
cuttle,600,417,184,213
cylix,0,335,117,204
cymbal,0,513,375,494
cynic,619,379,465,377
cynical,0,0,364,380
cyst,628,570,335,510
dad,125,603,646,626
daffodil,0,595,404,611
dagger,0,576,480,581
dairy,331,565,467,537
dais,0,333,168,276
daisy,0,613,519,573
dalliance,0,320,115,297
damage,358,406,558,443
dame,0,528,472,530
damsel,406,544,292,551
dance,0,502,550,510
dancer,0,558,535,551
dandelion,0,558,513,579
dandruff,0,546,495,554
danger,300,338,557,505
dare,0,291,510,373
dark,0,497,598,586
dart,392,608,496,597
date,314,514,613,501
dawn,350,501,507,586
day,0,477,595,526
daylight,311,492,547,575
dead,0,429,581,520
deal,381,342,522,383
dear,0,326,536,374
death,0,365,581,498
debate,564,375,459,397
debonair,0,0,315,417
debt,0,416,494,384
debut,564,303,351,316
decay,0,370,513,450
deceit,519,257,440,338
decision,437,297,601,340
deck,347,566,507,539
decomposition,589,376,417,448
decorate,0,423,489,508
decoration,0,507,517,526
decoy,0,486,434,453
decree,583,385,376,341
deduction,0,327,492,316
deed,0,410,475,390
deep,0,400,542,498
deer,281,631,509,624
deface,0,397,490,425
defeat,0,363,519,402
defence,447,346,479,413
defiance,539,275,432,383
defiant,0,0,419,407
deficient,0,329,465,358
definition,567,262,519,224
degree,508,406,574,521
deity,622,305,304,299
delegation,611,406,412,356
deliberate,0,0,508,341
delicate,0,0,556,378
delight,414,282,510,459
delirium,0,318,317,481
deliver,0,393,529,388
dell,472,513,244,397
delta,554,494,359,499
deluge,0,422,308,464
demeanour,617,257,302,235
democracy,0,298,566,364
demolish,0,370,501,497
demon,0,302,399,474
demonstration,506,381,537,486
denial,503,272,407,364
dense,0,353,524,461
dent,361,517,480,486
dentist,0,607,563,622
department,494,447,596,426
dependable,0,0,531,352
depict,0,262,441,316
deposit,483,417,532,413
depression,550,303,541,453
deputy,433,455,462,435
derelict,0,506,245,466
derivation,611,242,434,267
describe,0,0,610,315
description,469,341,556,326
design,403,444,538,407
desire,0,0,550,368
desk,0,583,583,574
desolate,0,325,459,435
despair,458,279,484,388
desperation,506,257,477,389
despise,0,314,469,450
despot,650,364,313,297
destroy,0,367,551,444
destroyer,0,513,448,508
destruction,497,365,488,505
destructive,0,0,543,426
detective,377,505,509,524
determination,0,243,527,386
determine,0,0,539,295
detestation,628,253,240,318
detonation,0,408,339,443
develop,0,0,558,295
development,483,316,536,356
device,472,444,500,391
devil,0,274,474,546
devotion,0,231,438,411
dew,331,578,427,559
dexterity,614,280,332,316
diadem,608,439,232,281
dial,0,537,566,541
diamond,339,610,512,623
dice,0,0,487,0
dictation,494,356,432,432
did,0,235,542,329
die,0,358,569,499
diet,442,449,556,486
difference,378,270,592,293
different,0,0,558,329
diffusion,617,327,437,376
dignity,522,280,454,413
diligent,0,0,420,402
dim,0,402,495,450
dime,0,582,586,590
dimension,528,274,483,355
dimple,0,547,442,518
diner,444,515,442,497
dinner,0,542,621,570
dip,331,479,466,456
direction,381,336,562,399
dirge,606,403,282,262
dirt,0,564,571,547
dirty,0,0,589,485
disagreement,503,311,489,362
disappoint,0,331,537,351
disaster,0,405,548,505
disavow,0,282,344,262
disc,447,553,466,575
discharge,531,474,414,426
discipline,0,277,507,386
disclosure,0,299,321,277
discolouration,606,358,356,370
disconnection,0,350,419,372
discord,611,298,381,343
discovery,414,332,513,401
discretion,0,222,409,285
discussion,522,341,541,381
disease,0,504,580,487
disgrace,422,278,488,386
dishonesty,431,255,475,362
disinfectant,433,578,499,529
dislocation,561,396,399,418
dismal,0,0,411,380
dismissal,494,300,447,362
disobedient,0,348,501,393
disparagement,680,257,242,194
disparity,0,270,278,318
display,400,462,567,453
disposition,0,251,458,336
dispute,522,350,520,421
disquiet,617,270,304,305
disruptive,0,318,453,367
dissection,606,439,431,562
distance,344,353,594,432
distinct,0,247,490,364
distinction,511,265,492,314
distortion,0,365,462,428
distraction,0,289,509,359
distress,422,282,494,443
disturber,0,468,431,427
ditch,292,555,511,558
dive,322,494,508,586
diver,0,0,448,0
diversity,0,268,501,302
dividend,580,366,387,313
division,417,332,518,404
do,0,276,609,247
docile,0,339,454,384
dock,367,570,483,559
doctor,0,575,573,600
doe,0,579,464,532
does,0,0,629,210
dog,169,610,598,636
dogma,0,317,328,327
dogmatic,0,0,320,300
doll,161,588,503,565
dollar,0,575,611,611
dolt,608,372,233,259
dome,0,517,504,557
domicile,0,456,219,435
domination,558,275,417,421
done,0,271,567,346
donor,0,409,479,406
door,214,606,630,599
doorway,353,578,532,548
dormitory,466,576,369,575
dot,219,530,524,556
dotage,0,293,180,273
dough,369,627,474,558
dove,0,588,415,616
dowager,631,487,268,316
down,0,339,546,459
downcast,0,0,401,376
dowry,556,409,289,422
dozen,319,396,568,525
drab,0,281,443,340
dragon,0,0,425,0
drain,303,591,510,540
drama,0,375,534,482
drape,469,532,396,464
draw,0,442,542,435
dread,467,267,460,378
dream,0,386,553,485
dreamer,350,442,517,507
dreary,0,324,506,463
dress,222,595,588,595
dresser,0,560,526,556
drill,0,516,473,571
drink,211,549,628,553
driver,283,553,593,567
drizzle,0,558,516,582
drop,0,320,577,417
dropper,0,492,467,433
drove,406,447,432,353
drug,464,555,539,564
drum,0,602,506,599
drunkard,0,0,482,527
dry,0,0,615,429
dryad,681,371,180,251
dual,0,344,463,426
duchess,0,568,416,525
duck,164,606,529,632
duct,0,0,368,0
duel,408,456,439,494
duke,0,508,457,480
dull,0,0,570,373
dumb,0,340,564,397
dummy,0,551,478,562
dungeon,0,562,428,579
dusk,425,455,474,575
dust,0,550,558,549
dusty,0,452,537,506
duty,0,322,543,346
dweller,0,516,432,448
dye,392,542,490,506
dynamic,0,0,489,387
dynasty,0,406,407,386
each,0,268,555,320
eager,0,302,531,401
eagle,0,616,465,601
ear,0,640,560,597
earl,464,500,358,435
early,0,0,575,376
earn,0,349,557,437
earth,317,580,580,580
earthworm,0,606,508,569
ease,428,305,519,327
easel,0,580,349,532
east,0,363,574,497
easy,0,288,607,321
easygoing,0,0,525,402
eat,0,486,529,563
eccentric,0,0,422,380
eccentricity,0,283,358,401
echo,356,415,478,556
economy,0,284,580,357
edge,308,465,569,495
edict,628,349,279,297
edifice,0,566,330,474
edition,0,439,499,373
education,408,320,585,416
educator,542,422,380,370
eel,0,634,433,552
eerie,0,295,467,423
effect,414,295,602,280
efficient,0,0,503,334
effort,411,296,585,367
egg,186,613,608,599
ego,0,261,497,334
egotistical,0,0,366,380
egress,0,0,119,251
eight,211,368,613,501
elaboration,578,288,403,325
elbow,237,607,564,602
election,528,343,535,435
electricity,400,426,601,486
elegant,0,309,484,408
elephant,222,628,459,616
elf,272,437,355,543
elimination,547,305,441,375
ellipse,0,0,437,0
elm,367,579,456,550
elopement,600,320,356,453
else,0,222,565,208
emanation,661,282,261,270
emancipation,661,302,388,364
embellishment,633,371,317,275
embezzlement,0,335,360,355
embrace,492,449,433,597
embryo,0,0,356,0
emerald,0,613,457,602
emergence,0,346,459,387
emergency,381,334,558,487
emission,0,397,446,416
emotion,492,260,549,478
emotional,0,0,566,453
emperor,440,527,379,502
emphatic,0,0,417,307
empire,0,429,479,470
employment,492,424,531,435
emporium,0,474,179,336
empty,0,374,556,479
emulsion,542,502,428,451
enamel,0,533,476,451
enchanter,533,394,320,378
encore,0,372,310,419
encounter,522,316,463,370
end,0,320,592,462
endeavour,531,280,399,310
enemy,367,434,523,497
energetic,0,0,503,422
engagement,0,362,535,474
engine,0,586,543,595
engineer,449,531,514,495
enigma,649,242,290,259
enlightenment,592,260,395,335
enough,0,246,545,345
enterprise,558,331,407,319
enterprising,0,0,429,307
entertain,0,402,537,435
enthusiasm,522,266,506,464
enthusiastic,0,0,522,404
entire,0,0,531,310
entrance,372,484,555,493
entree,0,418,441,413
entry,0,0,492,356
enunciation,678,252,238,216
envelope,0,579,542,554
envious,0,0,470,361
envy,431,265,511,375
epicure,660,378,246,280
episode,0,391,431,370
epistle,0,501,287,437
epitaph,614,449,348,418
equal,0,0,591,321
equality,0,342,528,346
equanimity,678,232,214,153
equipment,447,532,543,410
equity,0,303,319,281
errand,0,411,441,440
error,425,373,542,408
erupt,0,0,466,460
escape,353,341,524,459
essay,450,527,578,564
essence,0,243,384,289
essential,0,0,546,268
establishment,526,391,486,389
estate,0,541,498,474
estimate,503,293,505,305
eternal,0,214,500,403
eternity,0,302,513,399
ether,625,511,405,436
ethical,0,0,379,278
etiquette,619,252,332,388
euphemism,0,0,195,0
evacuation,550,320,378,405
evaluate,0,388,502,340
evangelist,631,500,318,456
even,0,283,576,338
evening,303,439,630,559
event,0,379,574,334
ever,0,299,557,273
evergreen,422,555,399,554
every,0,264,597,267
evidence,480,340,504,356
evil,0,0,538,434
evolution,0,304,523,402
ewe,378,538,341,481
exact,0,0,606,288
exactitude,0,250,253,298
examination,458,464,570,575
examine,0,0,549,341
exasperation,578,237,419,375
excellent,0,0,587,366
exception,472,260,512,232
excessive,0,0,493,317
exchange,443,356,504,394
excise,0,271,356,287
excitable,0,0,445,397
excitement,400,282,535,452
exclusion,0,293,354,326
excuse,356,316,552,310
executioner,0,0,418,0
executive,547,477,458,513
exertion,0,324,393,445
exhaust,429,467,510,520
exhaustion,0,358,520,505
exhibit,0,0,464,376
exit,0,0,616,512
expanse,547,388,433,497
expansion,0,325,515,417
expedition,467,403,435,472
expensive,0,0,633,402
experience,464,275,604,367
explanation,444,308,553,329
exploration,423,356,467,451
expose,0,0,446,346
exposure,0,339,538,431
express,467,402,530,456
expression,0,297,527,386
expulsion,0,359,403,363
extensive,0,0,468,307
extent,489,267,510,248
exterior,486,474,454,397
extermination,0,340,346,422
extra,331,262,570,337
extravagant,0,343,484,417
extreme,458,265,557,332
exuberant,0,0,374,402
eye,167,634,611,603
eyrie,556,529,270,408
fable,0,459,477,477
fabric,0,565,477,544
face,166,599,612,581
facility,0,279,483,320
fact,0,332,593,302
factor,474,328,499,269
factory,0,586,562,608
fail,0,327,568,380
failure,439,282,542,437
faint,0,462,516,466
fair,0,413,573,439
fairy,242,433,471,536
falconer,0,522,168,422
fall,0,409,572,547
fallacy,0,258,379,287
FALSE,0,0,603,315
falsehood,531,260,348,326
family,280,525,607,577
famine,0,0,444,0
famous,0,0,556,376
fan,0,557,520,582
fancy,0,0,537,384
fane,639,284,225,205
fang,0,574,450,559
fantasy,0,295,499,455
far,0,302,587,411
fare,0,413,482,384
farewell,406,361,436,466
farm,0,565,564,560
farmyard,261,608,443,594
farther,0,326,539,343
farthing,0,361,226,381
fashion,467,356,548,474
fast,0,304,600,411
fat,236,540,609,574
fate,0,255,502,343
father,0,594,591,646
fatherland,531,361,286,378
fatigue,0,416,499,502
favourite,303,313,594,378
fawn,394,581,433,565
fear,0,326,569,394
feast,351,542,457,610
feat,0,345,449,365
feather,0,0,485,0
fee,444,441,515,440
feeble,0,0,421,0
feel,0,324,588,363
feeling,339,262,612,370
feet,0,642,611,597
feint,0,288,234,313
feline,0,483,277,471
fell,0,407,546,431
fellow,378,502,475,435
felt,0,437,504,483
fence,0,597,526,611
ferry,378,580,458,592
fertile,0,430,502,446
fervour,586,308,349,345
festivity,0,427,411,520
fetish,0,288,337,342
feudal,0,0,373,373
feudalism,0,332,381,409
fever,358,492,454,563
few,0,309,593,333
fiddle,367,582,465,555
fidgety,0,0,449,407
fielder,458,509,365,472
fifteen,289,379,539,491
fight,261,455,561,543
figment,0,304,408,304
figure,0,472,534,526
file,0,480,504,442
fill,0,372,521,415
film,0,604,578,562
filter,0,0,489,490
filth,0,467,492,517
final,0,0,574,407
finance,522,371,515,405
find,272,351,580,370
fine,0,328,560,392
finish,300,343,617,437
finite,0,337,470,365
fir,0,442,407,461
fire,0,595,580,634
fireman,0,0,504,0
fireplace,0,592,529,639
firewood,331,629,444,586
firm,0,400,567,404
firmament,0,430,231,443
first,0,311,590,388
fish,0,597,548,615
fisherman,289,567,471,610
fissure,631,477,285,381
five,0,365,553,529
flag,258,606,545,607
flair,0,335,489,425
flame,261,582,551,598
flannel,0,574,499,520
flare,0,467,508,509
flash,314,480,509,528
flashlight,0,0,499,0
flask,0,595,401,614
flavour,342,449,538,472
flax,0,495,341,389
flea,0,625,515,606
flee,0,400,486,431
fleece,367,555,410,547
fleet,0,520,465,510
flesh,411,597,483,567
flexibility,0,353,455,395
flicker,0,415,470,506
flighty,0,0,341,347
flippant,0,0,341,361
float,0,451,553,525
flock,294,477,434,516
flood,0,553,523,598
floor,0,559,551,544
flora,569,557,338,472
flourish,489,323,415,391
flow,0,311,518,417
flower,0,584,566,618
flue,561,500,301,400
flush,0,447,507,530
flute,0,587,496,581
flutter,463,386,394,459
fly,0,525,537,582
foal,0,420,338,448
foam,0,577,462,600
foe,453,424,344,435
fog,0,556,546,606
foible,0,336,162,279
foil,0,509,516,495
folly,0,304,414,326
fond,0,0,556,363
font,547,568,338,497
food,0,597,579,539
fool,0,354,551,436
foolish,0,244,544,313
foot,0,558,583,597
football,233,584,565,597
footstep,317,470,517,526
footwear,0,567,464,583
for,0,245,603,216
forbade,0,0,349,320
forbid,0,348,505,367
force,372,331,552,437
forceps,0,585,402,553
fore,0,300,414,340
forearm,436,608,474,529
forecast,0,308,524,435
forehead,0,590,521,596
foreign,0,0,539,404
foreigner,447,492,499,516
forelock,542,565,353,421
forest,297,609,513,633
forethought,0,254,331,308
forfeit,533,295,380,310
fork,225,592,584,598
form,383,438,553,452
formaldehyde,0,538,363,460
format,0,0,493,0
formation,0,381,471,409
former,0,0,523,283
fort,328,580,418,559
forth,0,322,474,336
fortification,561,459,356,426
fortune,375,364,497,459
forward,0,0,596,329
foul,0,351,483,467
foundation,478,462,475,429
founder,0,0,387,339
fountain,389,593,469,602
four,0,365,553,491
fowl,0,532,452,528
fox,283,605,501,607
foxtrot,0,440,403,478
frail,0,383,459,430
frame,394,562,494,508
franc,0,479,388,426
franchise,650,360,313,309
frank,0,401,500,419
fraternal,0,349,416,376
fraternity,0,429,510,508
fraud,519,304,447,381
free,0,328,607,397
freedom,425,277,568,437
freight,542,511,425,465
frenzy,506,303,409,450
fresh,0,0,576,453
friction,0,414,499,445
friend,0,450,603,587
friendly,0,0,604,439
friendship,383,335,567,535
frieze,0,324,296,315
frigid,0,411,466,463
frill,383,523,379,497
frivolous,0,0,403,378
frock,0,481,323,403
frog,258,619,507,617
from,0,197,612,239
front,0,424,570,427
frontage,0,493,329,464
frost,264,608,546,595
frown,0,454,502,589
frugal,0,304,314,367
fruit,219,612,590,587
frustrate,0,322,529,381
fudge,278,608,477,567
full,0,378,594,437
fun,0,295,621,515
function,511,343,518,294
functional,0,272,508,288
functionary,0,304,330,263
funny,0,0,617,468
fur,0,601,530,588
furnace,428,600,406,586
furniture,0,583,580,588
further,0,0,578,300
fury,417,305,443,462
fuse,0,500,449,479
fuselage,0,483,289,402
fussy,0,0,441,400
future,414,311,612,413
fuzzy,0,450,482,519
gable,0,449,355,424
gadfly,0,520,158,401
gaiety,0,275,464,546
gain,389,346,543,307
gait,0,381,369,377
galaxy,0,465,423,575
gallant,0,240,429,447
gallery,442,569,479,566
gallon,0,488,519,525
gang,336,492,515,535
garlic,0,636,509,565
garment,453,552,440,507
garret,0,538,176,429
gas,339,554,558,532
gasket,0,525,428,487
gasp,367,409,457,491
gate,0,573,540,545
gaudy,0,0,380,446
gauntlet,511,538,269,450
gavel,0,558,383,539
gear,0,0,437,0
geese,314,597,421,603
gem,0,573,457,572
gender,0,408,450,376
general,0,408,568,491
generation,489,320,520,362
generous,0,260,538,348
genius,480,342,476,456
gentle,0,322,570,422
gentleman,347,516,537,559
gentry,556,452,309,462
genuine,0,295,503,378
geographical,0,355,501,400
geography,450,338,495,470
germ,319,464,523,442
gesture,494,403,477,432
get,0,290,604,264
ghost,0,379,505,552
giant,256,515,469,562
giddy,0,0,338,451
gift,0,533,566,553
gig,564,525,425,437
gilt,0,413,316,390
gin,0,639,521,555
ginger,0,522,455,430
gingerbread,300,623,427,572
gingham,0,540,203,523
giraffe,0,0,381,0
girdle,0,570,488,559
girl,183,607,645,634
gist,0,273,322,262
give,0,326,595,383
glacier,0,590,409,580
glad,0,318,564,445
glare,444,439,458,536
glass,0,635,611,585
gleam,403,391,456,511
glitter,0,420,440,503
globe,364,535,477,583
gloom,0,399,475,429
gloomy,0,0,487,436
glory,0,304,493,389
glove,228,607,575,596
glum,0,0,354,383
glut,550,394,353,334
glutton,0,498,430,548
gnat,0,529,440,550
gnu,0,474,226,346
go,0,337,618,364
goal,294,482,554,556
goat,0,636,469,585
goblet,0,592,306,577
god,0,365,567,461
goddess,0,334,372,515
godhead,614,358,272,324
gold,0,576,550,594
golden,0,0,489,562
golf,364,540,503,616
gondola,508,606,291,572
gone,0,321,546,313
good,0,297,621,374
gore,547,448,322,429
gorilla,0,620,554,634
gospel,444,403,437,440
got,0,252,565,286
government,453,426,594,486
gown,0,586,515,578
grace,0,314,478,441
gracious,0,0,433,397
grade,417,338,533,397
graduate,592,455,520,516
graduation,0,416,568,577
graft,0,372,423,404
gramercy,683,279,159,148
grammar,0,402,531,392
grandfather,214,565,471,564
grandmother,208,579,522,609
granny,0,0,471,546
granular,0,450,423,504
grape,297,611,532,591
graph,0,553,524,535
graphic,0,0,368,352
graphite,586,562,335,443
grass,0,599,587,602
grasshopper,0,660,507,630
grate,0,432,431,424
gratitude,0,239,458,396
grave,339,535,501,619
gravel,0,587,502,569
gravity,0,302,493,388
gravy,269,606,522,594
gray,0,471,531,541
graze,0,409,453,470
great,0,311,588,390
greed,294,262,494,420
greedy,0,360,509,427
green,225,460,583,609
gregarious,0,0,242,334
grief,450,303,505,480
grievance,542,295,434,340
grind,0,441,486,485
grip,325,490,523,540
grisly,0,346,395,437
grizzly,0,443,471,523
groan,342,432,508,506
grocer,0,576,519,551
groin,0,506,486,516
ground,258,558,574,513
group,0,451,553,467
grove,483,538,374,470
grow,0,409,562,371
growth,378,381,560,426
grudge,0,313,510,373
guard,344,517,504,530
guess,292,247,585,330
guest,0,519,560,497
guide,367,468,524,482
guilt,0,299,559,381
guitar,0,0,550,0
gulf,456,449,406,491
gullet,0,537,278,409
gullible,0,0,496,359
gun,228,612,519,613
gust,0,0,415,456
gutter,0,498,467,506
guy,358,565,550,551
gymnastics,0,468,437,562
habitation,0,531,394,466
had,0,253,570,296
haddock,389,636,475,532
hail,354,502,440,477
hailstone,0,576,448,562
hair,0,583,575,580
hairpin,0,584,441,569
hale,0,331,370,376
half,267,389,610,458
hall,283,565,592,559
halt,0,345,465,417
halter,511,550,374,453
halve,0,371,459,425
ham,0,554,536,570
hamlet,0,541,396,565
hammer,278,605,515,618
hamster,0,599,467,581
hand,0,604,601,598
handkerchief,289,618,551,583
hang,0,397,514,537
hank,583,472,290,313
haphazard,0,0,413,344
happy,0,355,621,511
harbour,319,603,512,597
hardship,0,327,480,427
hardware,0,560,496,576
hardwood,0,567,433,557
hare,281,615,460,577
harem,0,518,377,523
harm,306,244,536,362
harmony,0,372,534,423
harness,458,563,421,513
harp,0,591,430,621
harpoon,0,592,423,531
harpsichord,511,623,301,537
harvest,322,535,466,562
has,0,267,585,271
haste,434,303,409,416
hasty,0,290,494,380
hat,0,601,580,562
hatchet,0,607,467,527
hate,278,335,552,462
hatred,0,239,544,417
haul,456,369,454,406
have,0,251,597,271
havoc,469,338,462,505
hawk,0,623,504,591
hay,297,623,486,597
hazard,0,342,506,394
haze,0,509,484,521
he,0,399,604,452
head,181,603,611,593
headquarters,0,525,429,499
headstrong,0,0,427,393
heal,0,417,536,438
health,400,372,577,432
heap,319,485,519,494
hear,0,394,602,425
heart,281,605,578,617
heat,278,472,580,507
heaven,272,305,536,448
heavy,0,413,581,495
hectic,0,0,387,390
hedge,306,615,487,583
heel,0,579,524,597
height,294,376,590,472
heir,0,384,453,394
hell,314,355,564,519
helmet,0,602,528,620
help,222,320,594,464
hen,219,631,461,597
henchman,578,503,273,447
her,0,419,569,464
herb,0,558,514,502
herdsman,458,543,356,500
here,0,285,599,278
heredity,0,330,507,383
heresy,628,270,334,329
hermit,0,508,407,537
hero,361,428,510,483
heroin,0,638,514,551
heroism,0,283,438,432
herring,397,617,425,524
hesitant,0,0,450,368
hesitate,0,0,545,354
hesitation,523,257,484,332
hexagon,0,559,387,527
hidden,0,0,523,354
hide,256,451,515,430
hierarchy,633,333,409,435
high,0,371,612,463
highway,436,575,488,581
hill,256,588,585,607
him,0,368,613,421
himself,0,285,569,317
hind,469,474,416,424
hindrance,0,329,340,347
hint,408,312,555,343
his,0,320,614,337
history,369,328,564,405
hive,319,583,386,554
hobby,361,449,518,494
hockey,0,535,514,593
hoe,0,537,489,525
hog,0,581,528,527
hold,267,416,596,416
hole,0,485,545,527
holiday,258,439,585,629
hollow,0,0,520,478
home,233,539,626,599
homicide,0,385,429,432
honest,0,0,607,366
honesty,0,278,578,386
honey,286,611,533,608
honeycomb,0,562,405,593
honeymoon,0,515,541,563
honour,439,258,523,363
hood,0,547,510,558
hoof,306,596,401,598
hook,0,525,497,541
hop,289,494,432,554
hope,0,261,561,421
horizontal,0,404,528,521
horn,308,618,498,566
horror,372,341,501,545
horse,0,613,560,624
hose,314,596,449,572
hospital,319,584,548,602
hostage,0,526,448,536
hostile,0,0,493,460
hostility,0,277,472,437
hot,0,507,607,551
hotel,308,591,565,597
hound,0,583,433,596
hour,0,375,608,408
house,0,608,600,606
household,414,462,504,502
how,0,195,593,230
however,0,186,552,247
howl,269,434,447,536
howler,478,366,359,353
hue,544,388,404,399
human,369,583,596,543
humane,0,332,508,383
humanity,0,381,526,442
humankind,514,426,351,426
humble,0,231,519,377
humiliation,0,338,501,352
humorous,0,0,550,441
humour,417,309,555,462
hump,369,507,439,515
hunger,275,410,584,526
hungry,0,439,591,503
hunt,0,416,523,527
hunter,342,535,428,564
hurdle,0,572,437,600
hurricane,0,576,471,608
hurt,219,368,579,465
husband,0,549,557,537
hush,246,396,415,467
hut,0,589,486,560
huzza,667,349,131,156
hybrid,0,344,358,370
hygiene,481,349,493,459
hymn,0,502,434,431
hypnotic,0,320,467,367
hypothesis,644,261,459,315
hyssop,0,0,81,212
i,0,483,628,465
ice,261,621,564,635
iceberg,0,0,406,0
icicle,0,569,485,526
idea,0,259,585,319
ideal,461,253,521,331
idealistic,0,0,494,366
identification,528,285,451,345
idiom,0,360,420,341
idle,0,318,497,444
if,0,204,607,228
ignition,500,438,483,466
ignorance,0,249,558,386
ignore,0,320,514,400
illiteracy,578,252,413,348
illusion,542,249,464,396
imagination,408,274,570,407
imaginative,0,0,498,383
imitate,0,348,504,436
imitator,503,419,383,383
immature,0,0,558,439
immense,0,0,472,436
immensity,567,262,388,402
immortality,592,209,424,348
immunity,589,293,431,367
impact,0,379,464,456
impartial,0,309,451,305
impatience,425,257,530,413
impediment,619,358,364,348
imperfection,531,282,414,391
impersonation,522,331,414,375
impetuous,0,0,356,329
impetus,644,278,353,272
import,0,320,511,361
importance,406,244,575,347
important,0,0,624,341
impossibility,0,290,547,347
impossible,358,198,565,302
impotency,0,328,397,403
impression,486,288,554,313
imprint,542,421,439,332
impropriety,0,259,269,280
improve,0,0,578,307
improvement,442,326,564,332
impudent,0,0,374,334
impulse,0,271,474,396
impulsive,0,0,489,376
impunity,664,242,254,183
in,0,278,616,334
inaccurate,0,0,497,290
inaction,589,297,327,270
inadequate,0,274,497,356
inanimate,0,338,411,348
inanity,0,289,137,250
inauguration,639,305,311,324
incantation,656,346,257,318
incapable,0,317,485,337
incense,0,499,504,555
incident,458,340,497,344
incise,0,339,345,371
inclemency,0,298,172,344
incline,500,376,467,429
income,506,429,521,475
incompetent,0,248,503,359
incongruity,672,207,306,210
incorrect,0,0,564,356
increase,419,315,590,356
incredulity,656,237,351,297
increment,0,322,262,313
incursion,664,275,277,164
indecisive,0,0,438,327
independence,522,242,543,440
independent,0,0,523,361
indian,0,622,546,580
indication,481,282,500,340
indifferent,0,253,502,290
indigenous,658,275,330,264
indiscretion,631,250,384,305
individual,454,474,586,440
indolence,651,211,283,227
induce,0,0,448,300
inducement,0,288,323,336
indulgent,0,272,413,317
industrious,0,0,458,404
industry,492,479,559,499
inebriety,0,353,164,383
inefficiency,560,225,465,316
inexperience,536,247,473,305
infallibility,639,225,332,275
infant,0,579,513,600
infantile,0,0,407,422
infantry,475,530,351,483
infection,0,468,471,487
inferior,0,311,547,379
inferno,525,487,401,572
infinite,0,267,514,401
infinity,575,204,485,469
infirmary,0,557,437,546
influence,542,280,539,270
information,397,388,590,364
infringement,633,262,361,278
ingratitude,0,250,366,336
inhabitant,469,508,469,431
inhale,0,417,516,461
inhibition,617,262,476,383
initiation,597,272,389,370
initiative,0,0,480,298
injury,0,497,568,551
ink,0,608,542,589
inn,344,592,440,578
innate,0,308,451,301
innocence,478,247,522,383
inoculation,531,470,364,513
inquiry,483,358,485,321
inquisitive,0,0,413,354
insect,283,593,542,586
insecure,0,0,501,373
inside,0,0,611,371
insight,546,270,462,329
insincere,0,0,479,337
insistence,556,262,411,324
insolence,511,248,412,407
insolent,0,311,388,357
instance,471,284,501,250
instinct,489,311,528,358
institute,0,499,505,485
institution,553,442,492,449
instruction,0,0,552,0
instructor,0,558,531,551
instrument,0,543,553,521
insufficiency,589,257,385,253
insult,0,375,552,477
insurance,508,315,484,365
integer,0,0,450,0
integrity,0,247,481,379
intellect,0,254,507,336
intelligence,458,275,570,383
intemperance,651,248,236,262
intense,0,361,490,340
intention,481,285,525,286
interest,411,305,572,359
interesting,0,0,568,359
interim,0,310,309,261
interior,481,434,456,424
intermission,522,333,386,402
interposition,642,257,302,202
interruption,442,338,546,359
interview,494,420,520,499
intimate,0,281,508,495
intimation,608,311,371,345
into,0,306,584,259
intoxication,597,373,378,570
introduction,481,341,566,356
introductory,0,0,474,281
invader,439,485,402,419
invention,406,388,489,408
investigation,486,351,501,397
invitation,361,439,557,513
invoice,0,538,434,510
iodine,558,576,396,508
iota,0,275,339,322
iris,0,589,493,606
iron,281,584,555,561
irregularity,564,270,431,353
irresistible,0,0,554,441
irrigation,564,452,399,456
irritable,0,0,501,378
irritation,508,305,470,448
is,0,223,627,230
island,289,596,507,643
islander,0,526,429,497
isle,0,530,471,520
issue,472,338,525,315
it,0,271,625,265
itch,0,488,526,486
item,406,436,545,369
its,0,209,547,229
ivory,0,571,512,529
ivy,0,567,479,551
jack,414,552,472,460
jacket,0,635,596,611
jade,572,570,359,459
jagged,0,444,470,512
jail,0,590,539,608
jam,0,563,529,569
jamb,0,326,243,276
jangle,0,373,378,392
janitor,381,532,463,508
jar,242,595,564,571
jargon,0,352,413,386
jaw,361,617,529,573
jealous,0,0,519,446
jealousy,0,250,500,475
jeep,0,622,564,659
jeer,486,338,378,430
jelly,0,560,521,590
jeopardy,0,266,352,344
jerk,400,441,452,479
jersey,306,621,559,572
jet,0,580,583,585
jewel,292,594,519,621
jib,0,0,245,0
jibe,0,337,215,314
jingle,386,437,409,497
jitterbug,0,472,440,473
job,0,432,578,470
jobber,639,449,230,226
jockey,0,557,443,606
jog,0,464,531,504
join,0,292,544,340
joint,0,0,527,0
joke,289,388,580,483
jolt,431,424,424,426
journal,447,563,486,509
joviality,0,275,250,513
joy,342,300,545,533
jubilant,0,345,428,470
judge,0,506,539,558
judgement,497,260,506,333
judicious,0,0,384,324
jug,0,0,498,0
juggler,0,547,425,553
juice,250,599,567,593
jump,222,449,551,506
junction,0,477,489,502
jungle,0,0,439,555
junior,356,384,470,391
jupon,0,238,111,240
jury,0,540,498,580
just,0,257,540,221
justice,500,307,522,379
justification,603,219,411,326
justify,0,289,526,336
kale,575,558,256,391
keel,500,515,337,451
keen,0,336,449,335
keep,0,339,584,284
keeper,392,459,464,421
keg,0,586,300,606
kennel,322,611,449,580
kept,0,264,531,300
kerchief,0,583,439,515
kernel,0,559,477,542
kerosene,0,597,418,548
kettle,274,602,551,594
key,0,612,603,618
kick,228,485,563,551
kid,0,536,559,525
kill,0,386,549,481
kilt,300,609,485,622
kind,0,323,575,383
kindle,0,386,457,415
kine,0,432,82,264
king,0,559,522,585
kingdom,0,392,513,494
kink,523,421,356,480
kinsman,0,0,309,436
kiss,0,564,592,633
kite,0,592,481,624
kitten,219,612,517,639
knee,231,593,599,597
knew,0,291,557,267
knife,0,612,573,633
knight,0,579,505,608
knob,0,586,534,554
knocker,0,0,352,0
knoll,0,486,374,444
know,0,274,605,278
knowledge,477,278,575,348
knuckle,356,586,491,520
labour,506,406,559,424
labyrinth,0,515,313,453
lace,0,545,468,506
lack,0,311,532,302
lad,306,548,490,534
ladder,0,0,507,0
lady,231,564,573,571
laid,0,350,507,493
lain,0,331,342,328
lair,0,475,365,454
lake,0,585,583,616
lamb,186,633,519,614
lament,0,320,390,353
lamp,283,615,578,575
lancer,0,504,357,413
land,286,604,574,566
landscape,0,542,503,608
lane,261,537,525,543
lantern,0,630,441,575
lap,263,540,505,531
lapel,0,0,362,0
larch,406,623,406,508
lard,0,517,458,491
large,0,0,634,449
lark,0,578,436,573
larkspur,622,482,209,263
last,0,299,587,367
latch,386,578,432,464
late,0,262,584,387
lateral,0,0,382,0
lathe,0,481,295,356
latter,536,280,444,256
laud,0,294,287,288
laugh,0,433,594,528
laughter,322,411,570,613
launder,0,0,348,432
laundry,367,576,502,559
law,383,349,562,409
lawn,0,588,534,608
lawyer,481,569,520,557
lax,0,315,396,363
lay,0,0,566,426
lazy,0,354,559,464
lead,400,543,526,488
leader,353,487,559,502
leaf,0,593,556,608
leaflet,0,570,433,534
leak,336,472,514,545
leal,0,266,129,280
lean,0,395,549,472
leap,0,389,539,494
learn,0,370,552,361
lease,0,371,504,426
least,0,275,529,302
leather,0,575,571,586
lecture,536,451,624,564
lecturer,0,561,574,551
led,0,370,526,394
leek,389,621,431,540
left,0,341,592,383
leg,0,626,589,601
legality,572,302,458,310
legendary,0,272,466,413
leghorn,625,472,223,262
legislation,0,397,466,367
legitimate,0,265,487,321
legume,0,0,258,473
lemon,280,608,518,632
lemonade,0,615,522,606
lend,0,0,566,327
length,322,365,591,395
lenient,0,285,473,375
lens,475,573,519,556
leopard,0,595,431,635
less,0,266,541,286
lessen,0,287,457,251
lesson,272,404,559,446
letter,256,577,610,595
lettuce,0,579,565,608
level,0,422,504,385
lever,0,572,518,515
levity,631,297,314,321
lewd,0,0,290,324
liar,308,409,534,425
liberty,528,302,467,392
library,0,564,580,587
lice,0,543,397,532
lichen,0,547,365,404
lie,250,357,548,385
lieutenant,461,560,436,512
life,0,361,598,482
lift,311,461,555,482
light,0,550,575,542
lighter,0,400,538,458
lighthouse,0,0,410,0
lightning,331,525,465,599
like,0,286,610,352
liken,0,322,385,322
lily,317,609,437,541
limb,0,590,526,580
lime,378,590,447,563
limn,0,275,123,206
limousine,0,624,505,595
limp,0,481,494,512
line,275,477,591,491
linen,386,581,515,551
link,0,488,474,481
links,0,454,468,454
lint,0,537,479,513
lion,244,627,511,626
lip,0,590,568,619
liquid,343,555,578,589
liquor,0,630,579,576
lisp,486,429,409,464
listen,0,408,543,378
literal,0,295,468,261
literature,494,462,529,487
little,0,378,594,502
littoral,0,273,165,224
live,0,436,608,446
lively,0,0,582,429
liver,353,617,481,571
lizard,0,588,483,632
load,0,439,562,461
loafer,0,417,479,456
loan,428,372,535,430
lobby,406,532,420,462
lobster,0,590,472,630
lock,328,565,588,532
locker,0,586,538,569
locomotive,0,0,405,0
lode,0,342,270,363
lodge,456,538,429,464
log,0,0,466,0
logic,550,250,504,294
logical,0,0,539,295
lone,0,325,464,457
lonely,0,0,581,443
long,0,381,579,471
look,225,376,607,395
loon,0,481,303,348
loop,0,490,494,492
loose,0,0,594,397
loot,0,542,470,579
loquacity,0,326,144,321
lord,342,409,518,482
lorry,0,420,198,383
lose,0,299,534,373
loss,331,313,558,409
lotion,0,534,479,497
loud,0,413,577,448
love,303,311,619,569
lovely,0,318,523,491
low,0,322,580,378
lowland,447,497,381,453
loyalty,497,261,491,411
lubricant,0,520,454,515
luck,292,275,587,399
lumber,519,560,465,530
lump,0,542,501,546
lunch,275,552,616,602
lune,0,328,160,252
lung,0,569,546,576
lunge,508,376,394,459
lure,0,422,451,389
lust,0,324,472,444
lute,0,509,287,429
luxury,472,346,506,507
lye,0,515,414,372
lymph,675,501,330,383
lynx,511,568,301,461
lyre,0,538,288,426
macaroni,381,631,498,608
machine,0,578,549,575
machinery,409,545,528,526
mackerel,436,636,398,540
mad,0,308,590,479
madame,0,0,414,504
made,0,327,579,351
madman,417,470,407,545
magazine,353,588,585,588
magic,281,257,481,458
magician,0,560,528,569
magnate,0,413,271,379
magnesium,625,547,372,391
magnet,0,550,526,543
magnitude,0,333,431,303
mahogany,0,513,451,500
maiden,429,545,374,554
mail,0,508,554,548
main,364,324,574,309
maize,0,453,334,420
majestic,0,0,391,446
major,0,0,558,395
majority,531,338,546,390
make,0,299,618,322
maker,358,426,487,379
malady,0,379,287,370
malaria,0,506,356,484
male,383,564,588,587
malice,0,248,354,365
malicious,0,0,406,397
mall,589,459,330,383
mallet,0,623,388,557
mammal,0,549,458,541
man,0,618,623,567
manage,0,0,508,303
management,508,381,518,415
mane,0,554,416,528
manganese,661,540,332,413
manicure,536,449,382,451
mankind,467,406,500,452
manner,0,297,546,342
manor,419,523,424,508
mansion,0,579,489,628
mantle,0,579,438,596
manufacturer,525,467,480,362
manure,0,644,458,534
many,0,276,599,393
map,0,565,545,587
maple,0,534,518,511
mar,0,302,353,453
marble,294,611,436,605
march,269,440,539,497
mare,0,549,460,529
margin,403,472,499,494
mark,0,464,533,434
market,328,551,518,583
marl,686,394,185,186
maroon,0,486,492,503
marriage,383,398,559,556
marry,0,362,557,523
martial,0,338,460,412
marvel,489,293,465,410
mash,0,418,481,472
mass,458,397,473,484
mast,392,576,427,558
master,0,498,495,495
mastery,0,279,371,324
mat,0,513,490,537
match,0,535,558,490
mate,0,507,553,506
material,378,539,559,490
maternity,583,341,389,502
mathematical,0,328,541,430
mathematics,0,413,565,480
matter,411,439,563,298
mattress,0,640,524,601
mature,0,0,570,363
may,0,332,576,370
maybe,0,0,598,222
maze,414,528,434,555
me,0,511,607,430
meadow,272,594,478,622
meal,0,602,603,573
mean,0,313,539,419
meant,0,226,499,282
measles,0,568,487,582
measure,344,366,555,379
meat,0,587,589,618
mechanic,433,580,467,530
mechanical,0,385,533,482
medal,0,571,494,529
medallion,0,577,338,565
medicine,311,517,547,551
mediocre,0,0,403,322
mediocrity,636,217,339,258
meek,0,299,470,392
meet,0,341,575,438
meeting,356,403,575,451
melancholy,0,329,431,370
melon,0,0,441,0
melt,0,413,521,461
member,392,455,573,399
memory,0,284,573,391
men,236,586,621,587
menace,0,377,425,398
menu,433,555,550,613
mercenary,0,0,315,436
merchant,408,517,439,472
mercury,0,537,467,521
mercy,0,239,460,373
merit,444,308,475,380
mermaid,322,494,391,578
merry,0,370,526,519
message,0,459,557,438
messenger,383,527,491,505
metal,308,582,559,541
metaphor,0,0,479,0
method,481,303,556,304
methodical,0,0,404,337
meticulous,0,0,354,337
metronome,0,0,225,0
metropolis,0,504,398,572
mica,626,474,253,397
microbe,622,482,339,394
microscope,0,591,493,617
midnight,328,396,569,602
midshipman,575,532,259,369
mien,0,283,143,253
might,400,271,533,346
mild,0,330,556,359
mile,314,460,568,511
mileage,0,421,558,460
military,428,417,458,478
milk,0,670,588,638
million,419,364,519,440
mimic,0,329,464,390
minaret,0,0,168,0
mince,0,430,384,419
mind,0,333,591,373
mine,0,452,557,522
miner,0,551,521,569
mineral,469,527,454,432
minister,342,563,500,584
mink,0,589,524,604
minnow,397,621,408,554
minor,0,353,536,376
minstrel,0,530,390,522
minute,264,361,621,473
miracle,0,282,421,367
mirage,0,377,442,489
mirror,258,605,593,627
mischance,536,270,355,248
mischief,0,325,413,422
mischievous,0,292,475,455
misconception,0,251,445,292
misery,450,297,494,444
mismanagement,597,295,407,286
miss,0,372,586,447
missile,0,597,504,602
mist,367,497,499,637
mistake,0,0,584,380
mistaken,0,0,572,290
mister,0,349,529,365
mistress,517,530,472,535
misuse,0,318,457,367
mite,0,463,291,387
mixer,0,574,518,536
mixture,350,356,588,433
moat,0,509,443,497
moccasin,0,611,475,573
mocker,547,432,295,372
modern,0,0,579,368
modernist,614,356,278,294
modest,0,0,546,341
mohair,583,583,377,508
moisture,0,545,462,513
molasses,606,578,309,451
mold,0,486,503,454
mole,0,590,484,567
molecule,0,453,464,470
moment,350,301,560,334
monad,0,247,113,186
monarch,456,525,428,572
monastery,0,564,461,550
money,247,574,631,604
monkey,0,566,531,588
monocle,531,603,301,529
monsoon,508,508,336,498
month,0,345,598,448
monument,444,558,455,543
mood,0,234,541,394
moon,0,581,585,585
moonlight,378,456,467,613
moose,0,616,518,604
mop,0,0,443,0
moral,539,220,535,341
morass,647,415,195,256
morbid,0,358,465,420
more,0,284,612,264
morgue,0,572,434,589
morning,0,515,605,579
morphine,0,580,446,550
mortal,508,406,454,402
mortar,551,548,368,449
mortgage,0,422,506,358
mosque,0,478,316,461
mosquito,0,595,512,612
moss,0,575,436,569
most,0,321,560,306
mote,0,397,323,438
moth,0,550,496,577
mother,144,579,632,638
motion,0,367,541,416
motive,511,255,540,275
motor,344,565,545,521
mountain,283,616,574,629
mouse,242,624,520,615
mouser,0,347,208,329
moustache,0,0,481,0
mouth,0,568,572,613
mouthpiece,0,608,495,549
move,0,390,572,413
movie,386,590,523,571
much,0,242,584,332
mucous,0,539,264,538
mucus,0,565,447,570
mud,239,605,519,582
muddy,0,0,541,522
mug,0,576,527,574
mule,339,592,455,608
multiplication,0,387,568,476
multitude,494,361,447,436
mural,0,515,451,515
murder,381,445,528,549
muscle,397,573,540,553
muscular,0,0,527,570
music,272,512,599,549
musical,0,0,538,451
musician,0,564,558,585
mussel,414,618,396,556
must,0,297,589,247
mustard,0,595,532,599
mutilation,574,452,363,502
mutiny,0,367,428,447
mutton,0,538,337,484
muzzle,461,585,369,513
my,0,253,612,298
mystery,342,256,548,472
mystic,0,345,455,495
myth,0,334,514,359
nabob,0,225,83,213
nadir,0,279,218,254
nag,0,392,492,508
naiad,0,0,74,198
nail,272,598,563,588
name,0,405,573,475
namesake,519,356,377,348
napkin,342,585,495,582
narrow,0,372,546,491
nasty,0,0,507,387
nation,425,415,508,436
national,0,0,556,400
native,425,471,508,507
natural,0,0,594,376
nature,342,414,535,513
naughty,0,0,501,407
naval,0,519,476,535
nave,0,402,203,282
navel,0,583,485,546
navy,353,472,465,562
near,0,337,582,408
neat,0,314,528,495
necessity,511,273,521,306
neck,0,587,576,622
necklace,0,633,536,606
nectar,0,556,344,523
need,0,314,589,327
needle,264,608,533,589
neglect,467,282,509,372
negligent,0,0,423,339
neighbour,323,515,565,548
neighbourhood,403,429,507,456
nephew,0,541,452,443
nerve,480,488,554,486
nervous,0,338,572,465
nest,0,557,521,571
net,269,577,514,540
neurotic,0,0,456,417
neuter,0,336,368,327
neutral,0,0,491,300
neutrality,597,267,409,308
never,0,259,572,351
new,0,348,614,418
newborn,406,452,383,532
news,0,437,560,484
newspaper,292,576,641,616
newt,428,606,335,472
next,0,262,548,386
nice,0,279,583,375
nicety,569,242,302,221
nickel,0,597,559,572
night,222,496,636,607
nightfall,0,511,460,588
nightgown,0,644,506,564
nightingale,419,621,375,551
nine,0,452,571,494
nip,303,515,477,486
no,0,318,605,361
nob,475,492,265,372
noble,0,0,410,383
nod,203,437,552,508
noel,0,363,409,463
noisy,0,0,609,215
nomad,511,512,342,516
nonchalant,0,0,360,366
none,0,288,569,425
nonsense,336,256,522,349
noodle,0,588,499,530
noose,0,542,304,593
normal,375,237,602,294
nose,206,628,584,605
nostalgia,0,0,360,0
not,0,273,565,253
note,292,525,594,503
notice,369,479,634,467
noun,414,387,518,368
novel,475,529,530,547
now,0,309,605,276
nowhere,0,222,521,299
noxious,0,0,270,363
nozzle,411,555,412,513
nude,0,0,556,0
numb,0,379,487,477
number,239,395,599,489
nun,0,583,500,617
nurse,256,588,537,617
nursery,0,528,461,542
nutmeg,0,586,354,526
nutrient,611,432,399,378
nymph,0,424,332,546
oak,311,588,515,590
oar,0,572,496,592
oasis,0,0,341,0
oat,0,553,484,499
oath,408,331,402,443
oatmeal,0,552,471,558
obedience,0,238,500,394
obedient,0,317,500,364
obelisk,0,0,131,0
obese,0,492,424,563
obey,0,0,538,352
object,339,487,586,408
oblique,0,351,407,310
oblivion,639,242,379,386
oblivious,0,306,468,347
obnoxious,0,0,454,363
oboe,0,586,325,471
obscure,0,320,434,354
observation,539,326,500,345
observer,486,505,469,489
obsession,0,243,456,409
obstinate,0,0,390,373
obstruction,542,421,445,413
occasion,0,346,566,305
occasional,0,315,503,276
occupation,489,381,529,375
ocean,317,593,526,623
octagon,0,0,366,0
octopus,0,0,370,0
ode,0,381,360,344
odour,461,472,454,556
of,0,180,598,217
off,0,281,608,326
offal,633,583,276,402
offend,0,321,498,372
offensive,0,0,521,378
office,0,569,566,518
officer,0,550,549,593
offshoot,586,365,329,335
oh,0,233,563,274
oil,303,581,548,573
okay,0,245,555,269
old,0,349,616,478
olive,458,618,444,578
omen,558,319,394,413
on,0,262,614,268
once,0,315,539,322
one,0,379,613,432
onion,286,632,550,617
only,0,218,600,255
onslaught,600,346,338,374
opal,0,533,418,490
open,0,381,581,425
opening,336,455,542,462
opinion,0,285,550,359
opium,0,552,436,487
opponent,0,440,495,408
opportunity,475,306,567,335
opposition,550,316,483,359
optimism,542,240,500,418
optimistic,0,0,484,378
or,0,248,589,224
oral,0,0,503,378
orange,203,601,567,626
orchestra,0,578,533,619
orchid,0,599,456,597
order,344,344,570,352
orderly,0,388,503,419
ordinary,0,0,584,271
organ,356,596,510,576
origin,492,319,537,306
original,0,0,525,324
originality,500,257,488,335
originate,0,285,507,311
originator,0,491,409,365
ornament,303,615,460,594
ornate,0,339,401,419
oscillation,667,333,330,440
osculation,0,410,138,318
ostentation,653,262,294,280
ostrich,0,0,358,0
other,0,275,581,265
otter,383,631,391,572
ounce,0,502,565,457
our,0,245,602,315
out,0,249,608,330
outbreak,444,358,471,359
outcome,0,318,489,295
outfit,417,515,489,487
outgoing,0,0,524,352
outhouse,461,573,378,494
outlandish,0,0,307,332
outpost,481,462,368,378
output,0,0,487,324
outset,509,305,394,270
outside,0,0,607,419
outsider,0,468,468,518
outspoken,0,0,537,354
oven,236,593,577,599
over,0,287,589,327
overcoat,381,611,441,552
overlap,444,371,472,399
overproduction,592,297,348,316
overtone,589,300,381,268
owl,269,614,477,595
own,0,317,598,337
owner,0,468,564,425
ownership,0,336,464,362
ox,329,633,364,548
oxide,0,462,397,337
oxygen,0,484,529,430
oxymoron,0,0,164,0
oyster,0,573,453,521
pacifism,0,279,375,383
package,364,580,497,529
pact,531,372,361,364
padlock,0,0,387,523
paean,0,281,133,261
page,267,571,603,555
paid,0,386,577,429
paint,0,577,551,567
painter,0,568,575,565
pair,0,377,544,480
palace,294,579,462,612
pale,0,385,499,532
palette,542,565,301,437
pall,0,362,274,271
palm,333,596,515,555
pampas,597,570,252,410
pan,0,586,566,532
pancreas,656,573,396,453
pane,0,506,395,410
panic,0,324,546,501
panoply,672,411,194,213
panorama,0,397,381,464
pants,0,619,575,630
paper,229,599,635,590
parade,0,523,526,578
paradise,456,326,414,516
paradox,0,257,394,334
paragraph,0,493,559,482
parallelism,647,260,275,324
parallelogram,0,0,387,0
parcel,0,525,503,509
pardon,342,307,532,355
pare,0,361,335,392
parish,0,434,434,483
park,219,579,571,573
parliament,508,456,511,475
parry,0,311,209,328
part,314,339,579,340
participant,575,439,430,370
particular,0,0,514,274
partner,344,500,555,513
party,0,496,619,596
pass,0,385,535,479
passage,356,558,525,525
passenger,378,562,543,529
passion,0,300,502,467
passionate,0,0,507,495
passive,0,0,505,307
passport,0,0,429,546
past,0,293,545,446
paste,317,559,504,529
pastor,0,567,461,488
pasture,386,562,414,562
pat,0,400,492,386
patch,0,558,528,529
patent,0,400,426,375
pathetic,0,256,460,397
patience,403,266,533,363
patient,366,487,538,526
patron,0,0,425,376
pattern,319,472,555,453
pause,414,306,517,347
pawn,0,480,477,479
pax,0,274,264,277
payment,439,432,527,472
pea,0,614,524,568
peace,0,309,571,446
peacemaker,0,432,456,416
peach,292,617,536,613
peal,0,402,451,433
pear,0,634,567,590
pearl,0,597,508,590
peasant,419,550,422,540
pebble,0,0,477,546
peck,300,432,471,494
pedal,306,602,512,556
peddle,0,482,501,508
peel,0,432,507,436
peep,289,388,418,437
peer,0,406,460,376
peg,0,537,462,538
pelt,439,526,371,517
pen,0,571,554,576
pencil,225,617,598,607
pendulum,422,583,407,605
penguin,0,0,360,0
penicillin,0,590,494,501
penitent,0,0,264,334
penny,186,606,613,609
people,281,540,628,548
pep,0,314,445,466
pepper,269,591,554,587
perception,0,287,558,355
perch,414,576,396,462
perdition,675,272,222,180
perfect,0,0,613,404
performance,457,409,530,453
performer,0,529,479,530
perhaps,0,0,590,220
period,458,358,573,429
periodical,0,538,477,492
perish,0,329,483,404
perjury,0,323,405,353
permission,0,425,533,331
permit,458,399,516,388
perpetrator,653,409,307,272
perry,0,350,326,356
persecution,575,300,423,416
persistent,0,0,524,344
person,0,562,620,562
personal,0,311,559,408
personality,508,311,575,405
personnel,575,429,482,375
persuasive,0,0,475,366
perturbation,658,222,255,232
peso,0,520,318,463
pessimistic,0,0,517,400
pest,306,479,482,445
pestle,0,465,209,341
pet,219,557,541,589
petal,0,586,466,508
pew,431,554,394,531
pewit,0,294,96,229
phaeton,689,383,132,221
phantom,0,364,387,499
phase,0,360,516,319
phial,653,545,273,394
philology,692,272,183,162
philosophy,622,257,491,348
phone,0,624,550,587
photograph,317,590,551,618
phrase,0,321,521,342
physician,561,573,472,572
physics,0,406,483,425
pianist,0,565,473,608
piano,253,615,545,630
pick,0,502,524,513
pickle,0,606,562,641
picture,219,579,597,581
pidgin,0,372,274,390
pie,0,613,576,604
piece,0,384,511,395
pier,0,588,436,545
pig,233,614,509,635
pigeon,325,609,499,610
pile,0,504,521,513
pill,0,610,556,580
pillow,217,613,602,624
pimple,0,579,557,617
pin,261,600,524,576
pine,0,592,557,617
pineapple,0,653,489,569
pint,0,483,536,487
pioneer,497,467,346,416
pious,0,288,411,378
pipe,0,602,535,598
piping,436,538,451,491
pique,0,329,200,293
piston,0,586,409,526
pit,314,593,493,589
pity,353,303,516,391
placard,0,448,300,382
plaice,0,314,149,226
plain,361,426,551,463
plait,0,353,216,319
plan,0,357,571,379
plane,0,535,558,556
planet,414,523,457,578
plank,0,592,483,598
plant,0,594,592,605
plate,0,595,556,527
platform,386,547,498,529
platter,0,593,478,576
plausible,0,0,435,278
play,192,468,586,498
plaza,642,479,228,351
plea,0,308,478,347
plead,0,0,438,393
pleasant,0,0,547,390
pleasure,394,302,583,511
pledge,0,360,442,408
plenipotentiary,697,351,128,129
pliable,0,377,411,364
pliers,0,645,499,588
plot,422,379,515,420
plug,242,558,575,583
plum,0,632,547,611
plumb,0,459,461,501
plunge,406,396,441,548
pocket,228,578,590,558
poet,0,552,544,518
poetry,386,425,512,486
point,0,464,538,481
poison,364,527,504,513
pole,0,577,510,579
policeman,0,574,570,629
polio,0,555,463,561
polish,336,535,485,494
polite,0,342,539,393
politician,511,494,556,507
polka,571,477,281,475
poll,0,429,453,488
pollen,0,584,488,526
pollution,0,463,555,509
polo,0,495,446,524
polyp,678,435,185,235
pommel,0,323,228,280
pompous,0,0,313,380
pond,239,623,506,599
pony,0,611,524,642
pool,239,573,541,577
poor,0,311,548,447
pope,0,593,489,576
popular,0,0,626,422
population,469,406,543,391
porch,319,596,455,586
pore,0,492,437,447
pork,0,585,538,522
port,372,531,481,546
portal,0,545,252,505
porter,0,0,487,536
portion,411,384,507,399
portrait,0,570,427,565
portray,0,337,486,377
position,375,351,559,346
possession,469,379,512,410
possessive,0,0,478,383
possible,0,0,595,249
post,306,533,586,518
poster,0,592,545,600
pot,217,584,577,598
potato,233,629,612,617
pouch,367,568,373,513
pound,308,515,618,553
pour,0,356,545,495
poverty,0,343,529,502
powder,0,513,521,524
practical,489,331,585,358
prairie,433,575,416,569
praise,0,354,502,467
pray,0,372,528,444
prayer,269,381,507,492
precaution,525,300,477,367
precious,0,0,513,424
precipitate,633,350,429,426
precise,0,0,507,324
precursor,671,371,270,205
predicament,0,277,433,365
predict,0,288,515,372
preference,536,219,519,281
prefix,0,370,407,353
prejudice,0,340,508,419
preliminary,0,0,409,254
prelude,572,364,383,340
preparation,494,338,532,313
preposition,0,353,419,317
presence,456,326,514,339
present,0,389,569,481
presentable,0,0,456,341
president,458,526,538,572
pressure,444,379,544,446
prestige,0,248,441,394
pretence,500,227,453,307
pretty,0,341,584,520
prevalent,0,255,418,274
previous,0,0,545,276
prey,439,464,443,500
pride,0,270,564,424
priest,411,561,484,568
prim,0,0,366,361
primary,297,326,497,367
prime,0,360,492,386
prince,0,542,506,606
princess,0,568,502,547
principal,525,381,491,402
principle,533,245,496,305
prior,0,0,444,274
prison,0,570,462,593
prisoner,361,548,485,565
private,0,350,570,432
prize,0,474,508,517
problem,367,360,596,411
procession,414,500,462,534
produce,431,432,534,396
product,0,516,562,435
production,486,318,545,347
productive,0,309,523,350
profession,0,374,543,406
professional,494,379,520,383
professor,519,549,583,587
proficient,0,0,384,346
profile,0,510,445,572
profit,0,364,552,497
profiteer,636,417,333,297
programme,332,411,580,458
prohibit,0,301,516,373
projectile,597,532,347,486
projector,0,548,477,584
promenade,467,538,382,526
promise,0,0,598,320
promotion,0,368,532,367
prong,439,530,409,499
pronoun,0,346,480,402
proof,456,328,546,339
prop,0,474,444,450
propeller,0,593,491,599
proper,0,0,546,295
property,447,460,531,466
prophet,0,450,503,467
proportion,511,305,529,329
proprietor,561,518,423,475
prosaic,0,0,198,283
prosecutor,0,520,454,497
prosper,0,356,503,392
prosperity,567,301,477,436
prosperous,0,0,520,436
protection,461,308,519,410
protest,475,339,530,472
protocol,0,264,306,258
proud,0,327,570,434
provender,683,326,148,162
provincial,0,339,421,322
provision,508,432,453,343
prow,583,485,252,307
proxy,0,365,350,334
prune,347,611,444,578
psalm,0,409,418,427
psychologist,606,505,556,470
public,400,356,602,448
pudding,0,593,510,588
puddle,0,604,521,562
pugilist,656,419,189,264
pull,0,360,565,446
pulpit,0,562,415,551
pummel,0,387,287,308
pump,344,556,497,556
punch,306,548,483,527
punctual,0,0,440,368
puncture,0,0,431,465
punish,0,344,536,474
punishable,0,0,429,303
punishment,342,358,515,418
puny,0,327,426,395
pup,0,544,531,624
pupil,0,570,547,572
puppet,0,0,382,0
puppy,203,623,522,635
pure,0,0,590,366
purl,0,313,166,310
purpose,428,280,572,280
purse,0,572,533,567
purser,592,479,296,362
push,0,0,564,395
put,0,287,539,263
puzzle,320,449,486,510
pyramid,397,615,386,613
quack,0,459,467,446
quail,536,600,376,505
quake,0,440,474,463
quality,0,274,560,349
quantity,419,340,557,349
quarrel,0,379,463,479
quart,0,504,568,545
quarter,334,509,569,531
quean,0,377,126,263
queen,247,537,527,612
querulous,0,0,148,293
quest,0,316,413,460
question,314,387,588,398
questionable,0,0,485,329
quibble,0,0,336,393
quick,0,343,570,363
quicken,0,380,469,335
quiet,0,389,577,426
quietude,642,267,220,286
quill,0,595,409,530
quilt,0,613,490,554
quire,0,233,179,240
quiver,460,485,368,505
quotient,0,0,405,341
rabbi,0,572,515,557
rabbit,206,635,523,611
race,0,463,543,457
rack,0,535,486,439
racket,386,562,486,530
racketeer,0,533,329,502
racquet,0,513,480,522
radical,0,0,500,346
radio,317,615,644,613
radish,0,0,456,0
raft,0,0,483,0
raid,391,407,487,476
rail,0,540,505,556
railroad,0,579,493,596
raiment,0,0,222,373
rain,211,600,604,618
rainbow,0,0,431,604
raise,0,340,534,418
rake,336,597,476,550
ram,0,541,468,546
ramp,0,538,504,527
rampant,0,0,247,337
ramrod,0,509,253,418
ranch,403,561,379,519
rancid,0,342,309,364
range,436,417,515,413
rap,0,404,501,388
rape,0,472,555,565
rapid,0,415,524,387
rare,0,327,559,439
rarity,550,265,373,270
rash,0,523,485,520
raspberry,0,594,513,636
rat,0,624,548,588
rate,456,308,527,311
rating,0,309,478,310
ration,0,390,473,392
rational,0,0,458,298
rattle,261,549,448,554
rattlesnake,0,586,493,611
raw,0,399,509,470
ray,322,470,480,556
raze,0,336,281,271
razor,0,0,511,0
reach,0,368,577,391
reaction,506,312,533,395
read,0,420,568,499
reading,0,377,581,436
real,0,285,596,313
reality,469,296,551,315
really,0,0,562,246
realm,561,303,376,324
reap,0,373,441,408
reaper,0,455,401,462
rear,0,402,547,455
reason,383,332,601,285
reasonable,0,0,585,305
rebec,0,229,92,224
rebel,461,439,448,497
rebellious,0,0,490,463
rebus,0,299,131,201
recall,0,319,526,424
receipt,517,474,498,432
receiver,0,420,541,504
recent,0,0,513,298
receptacle,561,545,383,426
receptive,0,323,487,302
recess,0,0,456,415
reciprocal,656,308,399,278
recital,0,476,468,495
recognition,0,266,507,388
recollection,533,295,425,308
recommend,0,278,529,313
record,322,558,609,591
recreant,656,333,179,167
recruit,0,393,471,412
rectangle,0,554,498,590
rector,561,517,448,494
red,0,501,607,585
redeemer,531,366,370,353
reduction,508,313,509,332
reed,369,564,430,520
reel,0,502,456,487
referee,0,554,534,564
refinement,550,272,436,375
reflection,0,339,505,567
reflex,0,402,515,476
reformation,603,248,349,280
refrain,0,325,523,370
refresh,0,362,502,374
refrigerator,0,574,545,612
refuse,394,426,518,419
regency,586,358,373,316
register,408,500,471,483
regret,428,260,529,359
regular,0,0,580,320
regulation,0,363,504,345
rein,356,537,440,478
rejoice,0,329,529,432
relation,375,383,585,451
relativity,0,0,372,0
relax,0,0,571,387
relaxation,483,285,501,494
reliable,0,0,505,363
relic,0,528,413,481
relief,443,303,551,432
religion,0,375,565,434
relinquish,0,289,419,337
reluctant,0,263,481,373
remark,419,368,558,321
remedy,492,368,480,370
reminder,0,363,543,328
remittance,594,338,388,337
removal,406,346,498,391
rendezvous,581,388,390,477
renounce,0,297,429,362
renown,0,0,383,334
rent,425,437,547,469
repair,375,394,543,440
repeat,367,331,602,351
replacement,0,368,520,333
replete,0,304,266,285
reply,0,0,550,341
report,386,417,590,411
representative,531,434,511,380
repress,0,345,419,365
reprisal,639,282,395,294
reprove,0,290,364,301
reptile,0,578,490,579
republic,556,376,458,356
repulsive,0,336,474,426
reputation,558,232,492,343
requirement,0,300,508,339
rescue,367,373,532,456
research,0,366,546,445
resentment,539,252,440,352
residue,0,510,401,487
resistance,503,358,540,416
resolution,550,265,433,316
resort,0,499,523,523
respect,433,280,571,343
respectable,0,0,556,385
response,0,0,544,348
responsibility,514,222,532,294
responsible,0,0,588,348
responsive,0,306,515,347
rest,222,351,590,396
restore,0,275,490,324
result,406,318,623,324
resumption,603,262,372,264
retailer,0,521,429,445
retain,0,308,507,352
retard,0,345,505,481
retention,592,280,399,316
retreat,431,367,479,408
retrospect,0,0,314,0
return,0,0,582,293
revenge,467,305,489,429
revenue,569,373,401,330
review,547,388,496,345
revolt,0,400,497,502
revolution,517,378,477,513
reward,372,396,525,453
rhapsody,639,414,321,409
rheumatism,0,489,371,458
rhinoceros,0,0,400,0
rhombus,0,419,339,441
rhumb,0,285,126,199
rhyme,253,434,480,475
rib,0,599,536,586
ribbon,286,600,480,563
rice,0,608,548,506
rich,0,377,575,467
rick,569,474,223,275
rickety,0,0,279,426
riddle,0,404,489,455
ride,0,424,576,483
ridge,433,547,430,543
ridicule,0,310,510,390
rifle,322,606,477,581
right,0,361,599,372
righteous,0,0,433,329
rigid,0,411,503,488
rigidity,575,335,394,432
rim,0,511,501,509
ring,208,593,589,601
rinse,0,0,480,465
riot,456,414,490,548
ripe,0,360,534,490
rise,0,368,546,451
risk,397,290,517,405
rite,0,381,400,353
ritual,0,377,403,474
river,0,585,565,633
road,206,583,604,609
roar,278,437,471,526
roast,0,0,536,0
rob,0,0,508,465
robber,0,545,493,549
robbery,0,440,532,484
robin,233,637,487,615
rock,0,600,583,612
rocker,0,583,474,520
rocket,0,645,525,612
rod,278,591,504,549
rode,0,353,496,451
roe,0,397,233,349
rogue,444,424,378,478
role,0,335,524,385
roll,0,457,547,496
romance,466,313,517,551
roof,0,586,552,604
room,244,566,627,545
rooster,0,0,385,0
root,0,558,554,565
rope,281,608,539,596
rosary,0,535,410,464
rose,0,608,556,623
rosin,0,521,199,435
rotation,494,366,470,448
rote,0,295,249,264
rough,0,452,557,491
round,0,438,563,559
route,447,440,515,447
routine,0,0,523,341
rover,0,0,309,473
rubber,289,596,547,599
rubble,0,493,407,482
ruby,397,594,445,562
rudder,0,572,390,520
rude,0,0,550,390
ruff,0,358,329,327
rug,233,611,557,591
rugged,0,384,492,488
rule,0,286,534,415
ruler,311,555,571,543
rum,0,600,552,560
rumble,0,407,476,494
rumour,461,311,503,353
rung,414,532,423,480
runner,0,0,531,546
rural,0,358,493,437
rush,0,350,546,404
rust,380,553,484,547
rusty,0,506,503,553
rye,500,600,388,459
sable,0,513,351,419
sack,0,582,539,548
sad,0,360,589,419
saddle,344,603,436,578
safe,0,376,531,474
safety,339,323,556,397
saga,506,366,388,345
sagacity,0,211,172,232
sage,0,462,424,434
said,0,306,600,313
sail,0,567,504,597
saint,0,458,463,394
salad,342,595,554,623
salary,558,456,527,452
sale,0,364,555,422
saloon,0,575,381,608
salt,233,594,612,570
salty,0,490,509,512
salutation,0,454,331,456
salute,0,471,479,538
salvation,558,269,396,408
salve,0,434,329,391
sampler,539,426,397,378
sanctity,0,293,338,330
sanctuary,0,486,449,481
sandal,0,609,494,613
sandy,0,499,528,554
sane,0,290,508,364
sanitation,586,391,354,447
sap,464,540,377,451
sapphire,0,572,380,560
sarcastic,0,0,516,419
sardine,353,606,446,592
sash,0,540,385,488
satchel,297,593,364,580
satin,0,594,470,561
satire,0,287,477,370
satisfaction,466,305,544,478
sauce,258,576,522,569
saucer,0,606,533,544
sauerkraut,0,604,426,585
savage,392,427,448,528
savant,0,293,157,271
save,0,314,559,365
savory,0,373,406,446
saw,269,532,552,531
saxophone,519,624,453,602
scab,0,559,524,573
scale,397,475,523,463
scar,0,552,529,565
scarce,0,297,508,380
scare,297,380,523,471
scarlet,0,519,428,587
scavenger,0,486,474,501
scene,425,408,526,432
scent,0,462,501,421
scheme,475,328,492,319
schism,0,0,231,361
scholar,0,450,489,451
school,228,573,582,599
schoolhouse,369,586,388,544
scissors,0,596,559,609
scooter,0,565,468,569
scorn,471,290,417,364
scorpion,0,590,342,596
scotch,0,583,518,590
scout,372,562,452,578
scowl,0,386,464,456
scratch,269,523,553,543
scream,275,479,522,589
scroll,458,593,350,572
scull,533,508,344,474
sea,0,596,537,606
seal,328,587,482,563
seam,0,538,547,555
seaman,0,563,449,481
sear,0,292,316,299
search,344,371,537,402
seasick,0,0,393,0
season,328,445,565,495
seat,0,568,597,574
seaweed,0,593,478,590
second,289,344,598,371
secretary,456,576,528,563
secure,0,0,507,373
security,508,290,513,391
sedative,561,459,423,459
seduction,628,353,423,521
see,0,352,625,379
seed,0,611,514,542
seedling,0,0,323,451
seedy,0,0,354,432
seek,0,375,506,335
seem,0,226,549,249
seen,0,336,576,351
seer,611,370,253,309
segment,428,485,451,480
seine,0,351,246,367
seldom,0,0,478,259
select,0,0,543,310
selection,439,328,523,311
self,328,459,604,466
selfish,0,0,483,359
sell,0,342,585,397
seller,381,444,459,427
semen,0,550,429,494
semester,0,389,504,383
semicircle,453,444,427,526
send,0,324,529,423
sender,406,482,464,370
sensation,0,265,503,394
sense,336,316,583,368
sensible,0,0,507,334
sensitive,0,0,550,434
sent,0,292,523,386
sentiment,514,258,471,365
separation,458,303,504,435
sequel,556,353,338,323
serf,0,507,364,500
sergeant,0,511,480,549
serial,0,365,440,340
series,461,373,525,398
serious,0,0,593,376
servant,406,515,437,508
service,397,364,560,408
session,0,372,505,394
settler,0,533,384,528
sever,0,404,429,439
severance,603,311,354,316
severe,0,286,526,352
sew,0,0,517,478
sewer,0,564,489,538
sex,450,512,617,584
sexual,0,0,576,504
shadow,311,457,536,565
shadowy,0,0,462,443
shady,0,408,533,487
shaker,433,472,370,408
shale,0,458,359,401
shall,0,0,558,237
shallow,0,330,540,451
shame,367,287,534,419
shape,303,452,575,471
shark,0,611,516,602
sharp,0,0,572,495
shawl,331,606,455,576
she,0,406,599,474
shear,0,456,428,484
shed,231,611,524,602
sheep,0,622,507,596
sheepskin,0,600,428,566
sheer,0,397,468,440
sheet,251,608,616,594
shell,0,597,524,581
shelter,0,0,509,488
shield,350,576,464,556
shilling,0,522,337,476
shiny,0,411,541,537
ship,249,615,553,612
shirt,269,616,612,612
shiver,308,455,517,578
shock,0,395,560,471
shoe,0,600,569,601
shone,0,363,482,384
shoot,0,445,536,494
shop,236,549,615,561
shore,0,574,531,624
short,0,351,586,431
shortage,414,353,554,405
shot,0,467,531,535
should,0,249,565,295
shoulder,264,589,553,577
shout,0,471,557,484
shovel,0,581,528,538
show,0,402,559,424
shower,342,588,593,615
shown,0,315,519,273
shriek,406,481,458,515
shrimp,0,629,546,618
shrub,383,588,446,556
shrug,408,421,481,497
shutter,389,562,398,533
sick,0,404,571,456
side,0,394,566,386
sigh,380,380,518,440
sight,0,393,559,406
sign,0,520,543,534
signal,367,464,507,513
significant,0,0,525,261
signify,0,0,473,298
silence,333,352,570,470
silk,0,538,482,510
silver,317,564,528,582
similar,0,0,554,324
simile,0,395,439,334
simper,556,335,275,329
simple,0,306,604,344
sin,400,273,501,441
since,0,247,541,264
sincere,0,0,529,407
sine,0,319,353,377
sing,0,421,576,527
singer,314,553,548,575
single,0,0,556,415
sink,219,590,586,599
siren,347,538,431,578
sister,0,575,588,613
sit,0,437,581,487
site,0,408,507,406
situation,457,311,573,319
sixpence,249,583,396,602
size,0,354,566,415
skate,0,562,534,563
sketch,411,535,452,510
ski,0,590,551,615
skill,414,346,549,366
skin,0,614,591,638
skirt,258,614,551,573
skull,0,570,503,609
skunk,0,648,519,652
sky,0,542,607,618
skylark,394,614,350,548
skyscraper,0,618,489,577
slag,0,426,310,373
slang,464,373,512,411
slap,0,511,521,542
slave,386,539,418,564
slavery,0,393,512,517
slay,0,411,481,454
sleep,0,484,610,530
sleet,0,538,479,547
sleeve,272,587,560,550
sleigh,0,613,531,608
slept,0,383,562,393
slice,292,443,540,507
slide,0,504,529,490
slight,0,0,512,317
slime,408,545,426,558
slip,0,448,537,497
slipper,0,585,494,595
slit,364,520,487,508
sloe,0,300,185,276
slope,0,513,563,578
sloppy,0,0,542,434
slough,603,399,272,245
slovenly,0,311,297,404
slow,0,293,602,377
sluggish,0,343,481,382
slumber,419,386,367,500
slush,0,570,489,567
smack,0,451,511,601
small,0,402,616,447
smart,0,304,602,396
smash,278,402,536,518
smear,0,355,480,415
smell,0,450,582,477
smelt,0,475,444,473
smile,208,514,594,615
smoke,228,541,596,615
smooth,0,406,570,472
smother,0,377,477,413
smug,0,0,375,352
smut,556,449,330,426
snail,0,579,489,577
snake,289,621,501,627
snap,0,420,526,410
sneer,467,371,398,494
sneeze,0,563,544,562
snort,433,424,401,472
snow,0,618,615,597
snub,522,280,386,348
so,0,195,597,227
soap,222,598,594,600
soar,0,366,496,436
sob,0,425,516,483
sobriety,0,325,293,380
soccer,0,524,521,570
social,0,242,497,386
socialist,0,443,480,352
society,497,335,601,440
sock,172,581,578,553
sod,0,569,433,467
soda,0,600,536,544
sodium,0,511,403,423
sofa,0,629,564,597
soft,0,414,590,476
soil,347,581,516,566
sold,308,310,544,408
soldier,275,578,517,578
sole,0,484,473,462
solemn,0,322,453,392
solemnity,597,289,361,314
solidify,0,363,474,445
solution,506,388,548,391
some,0,286,578,302
somersault,369,482,402,562
sometimes,0,0,593,259
son,0,0,607,560
sonata,0,491,313,441
song,242,514,603,578
soon,0,261,547,278
soot,0,563,390,531
sop,536,373,259,294
soprano,519,497,373,535
sore,0,502,544,486
sorrow,394,282,486,429
soul,0,289,544,366
sound,300,502,597,497
soup,0,615,576,604
sour,0,458,533,495
south,0,347,540,476
sow,0,504,428,479
space,319,381,576,538
spade,0,565,513,578
span,456,352,449,381
spangle,0,371,344,356
spank,0,479,536,522
spare,364,313,552,316
spark,0,526,505,539
sparrow,0,629,523,583
spasm,558,439,422,486
spatula,0,586,407,517
speak,0,419,600,488
speaker,0,537,554,549
spear,0,584,513,545
special,0,0,607,305
specialist,517,487,495,448
specimen,0,481,512,417
speck,353,484,477,503
speech,369,453,549,447
spell,292,376,525,429
sperm,597,578,395,548
sphere,0,489,457,562
spice,0,590,518,592
spicy,0,478,509,494
spider,0,607,526,597
spike,353,572,471,573
spinach,0,589,452,606
spire,0,576,309,541
spirit,389,296,518,450
spite,442,262,459,405
splendid,0,0,510,383
split,381,417,514,445
spoke,328,526,532,466
sponge,0,597,538,577
spook,0,417,475,449
spool,0,565,499,552
spoon,186,614,612,584
spout,0,468,433,466
spray,0,514,521,559
spree,531,333,410,425
spring,0,524,588,585
sprint,428,411,461,526
spruce,0,568,499,532
spurt,406,417,417,491
square,250,516,576,610
squeak,0,461,506,492
squib,0,402,283,390
squint,0,456,528,515
squire,525,502,323,459
squirrel,0,612,511,642
squirt,0,453,492,496
stable,292,562,519,537
stadium,0,569,526,586
staff,403,515,577,478
stain,311,535,534,533
stair,0,558,560,551
stake,0,540,460,506
stale,0,393,509,412
stalk,422,474,413,440
stand,0,450,564,471
standard,472,324,556,319
stanza,617,456,385,437
star,0,574,574,623
starch,489,555,459,497
stare,0,365,508,420
startle,0,0,450,410
state,0,440,560,511
statement,481,379,505,386
station,300,572,548,554
statue,406,600,444,562
stay,0,329,573,321
steadfast,0,0,368,0
steady,0,0,606,378
steak,329,646,558,647
steal,0,363,562,448
steam,308,552,545,591
steamer,0,591,458,616
steel,0,586,553,534
steeple,361,561,405,559
steerage,0,416,193,341
stem,0,556,513,533
step,267,508,578,483
steppe,0,479,324,427
stern,0,349,481,424
stethoscope,0,0,333,0
stew,283,603,522,587
stick,0,604,528,517
stifle,0,292,453,381
stile,444,466,318,413
still,0,354,557,345
sting,261,509,480,553
stingy,0,299,452,395
stipend,650,396,246,213
stoat,417,621,352,483
stocking,0,551,516,555
stoic,639,305,302,340
stole,0,342,549,441
stomach,0,617,547,551
stone,0,614,564,585
stool,203,592,531,584
stop,0,308,563,452
store,0,548,562,506
stork,356,614,393,570
storm,0,527,555,587
story,0,427,578,491
stout,0,413,511,521
stove,297,591,525,592
straight,0,404,582,453
strain,422,338,533,402
strand,0,442,500,431
strange,0,0,606,378
stranger,322,441,522,454
straw,289,603,508,568
strawberry,0,610,539,631
streamer,0,518,475,504
street,0,579,602,577
strength,325,339,573,470
strengthen,0,0,537,341
strict,0,0,551,383
stride,439,409,438,462
string,0,570,566,556
stripe,308,550,457,562
stroke,0,463,511,481
strong,0,0,603,463
strop,647,364,236,208
strut,511,429,368,437
stub,0,542,387,495
stubborn,0,0,543,400
student,481,549,632,603
studious,0,0,478,426
stumble,0,433,536,485
stump,372,540,447,490
stunt,0,393,490,429
stupid,0,351,550,381
style,419,344,555,416
stylish,0,0,486,407
subaltern,675,417,224,267
subject,417,406,590,418
submarine,381,583,450,588
substance,483,479,506,348
substitute,464,400,505,360
substratum,661,363,233,244
subtle,0,0,487,294
subtraction,0,336,515,413
succeed,0,304,591,416
success,411,295,568,443
succour,614,308,282,297
such,0,248,521,219
sucker,0,404,492,419
sudden,0,0,575,361
suds,369,554,436,565
sue,0,432,528,449
sufferance,597,260,369,326
suffix,0,318,444,254
suffocate,0,391,474,486
suffrage,0,283,371,317
sugar,0,620,608,595
suggestion,461,333,567,345
suit,0,545,543,536
suite,458,534,453,487
sullen,0,0,374,361
sulphur,0,591,445,561
sultan,0,563,256,541
sum,278,379,537,465
summer,253,439,612,618
summit,0,0,400,546
sun,181,617,635,639
sunburn,0,563,501,629
sunlight,289,515,523,643
sunset,0,525,539,633
sunshine,206,527,627,655
superfluity,647,237,249,232
superior,0,0,534,378
supper,250,563,593,590
supplication,0,324,236,326
supply,417,368,534,340
support,0,0,556,359
supposition,619,280,396,270
suppression,0,289,445,328
sure,0,281,552,285
surf,0,527,526,601
surface,378,447,573,453
surplus,0,0,450,346
surprise,322,326,583,451
surrender,386,356,488,432
surtax,0,393,304,290
suspect,472,379,488,377
suspicion,478,265,470,386
suspicious,0,0,523,371
swage,0,292,149,234
swallow,308,547,531,554
swamp,0,570,438,600
sward,650,364,155,207
swarm,0,406,463,488
sweat,0,569,545,560
sweep,281,476,495,513
sweet,0,463,570,493
swell,428,411,443,410
swift,0,338,507,460
swim,256,482,550,572
sword,342,577,444,597
swore,0,0,477,404
sycamore,381,606,369,562
syllable,497,361,473,375
symbol,0,402,536,447
symbolism,0,273,529,438
symmetrical,0,0,440,456
sympathetic,0,320,508,390
sympathy,464,278,501,402
synagogue,0,545,431,498
synod,683,399,215,229
system,461,356,588,340
table,0,604,599,582
tablespoon,258,587,567,600
tacet,0,314,151,234
tack,363,565,463,546
tail,0,613,533,551
tailor,378,535,417,499
take,0,332,555,337
tale,0,352,499,363
talent,419,290,523,399
talk,0,422,613,453
talkative,0,0,507,400
tall,0,439,585,514
tally,536,331,374,308
tame,0,335,501,447
tang,0,478,436,518
tangerine,0,645,495,625
tank,0,581,511,563
tap,222,538,567,541
tape,406,564,567,573
taper,0,362,384,372
tapis,0,312,118,193
tar,0,597,491,550
tariff,0,0,395,373
tarn,606,399,251,299
tarnish,0,443,455,456
task,392,409,514,410
taste,0,464,580,425
tax,469,445,523,446
tea,0,609,572,599
teach,0,353,552,429
teacher,247,569,599,575
team,0,492,538,565
tear,264,504,555,550
technicality,608,308,390,262
teem,0,340,323,346
teeth,0,618,593,611
telegraph,436,547,460,518
telephone,0,619,605,655
telescope,0,592,461,596
tell,0,306,596,350
temper,333,353,575,489
temperamental,0,0,414,393
temperature,0,472,547,460
tempest,0,460,375,514
temple,0,565,450,547
tempt,0,283,495,437
temptation,454,265,494,391
tendency,525,243,507,261
tender,0,0,510,429
tennis,0,574,528,634
tense,0,365,531,422
tent,283,608,521,593
tentative,0,0,442,266
tenure,0,345,304,286
term,394,374,575,387
terrible,0,0,605,422
territory,486,459,465,445
terror,381,326,495,483
test,0,520,566,528
testimony,0,381,508,377
text,486,498,511,437
than,0,188,545,213
thane,642,381,231,251
that,0,232,611,225
thaw,381,368,492,466
the,0,237,625,209
theft,386,361,499,436
their,0,257,607,255
them,0,344,542,368
theme,0,336,524,395
then,0,190,610,204
theologian,669,475,357,416
theoretical,0,264,487,334
theory,557,287,534,317
there,0,216,603,283
therefore,0,199,556,243
thermometer,389,612,481,581
these,0,260,547,267
they,0,316,607,312
thick,0,386,573,468
thicket,469,571,361,511
thief,322,519,529,529
thimble,0,529,397,570
thin,0,392,570,502
thing,0,350,587,358
think,0,346,612,384
thinker,408,403,474,405
thirsty,0,451,602,482
this,0,240,601,279
thistle,333,611,463,624
thong,553,543,335,448
thorn,0,586,454,600
those,0,254,570,247
thought,347,274,603,348
thread,267,607,522,568
threat,394,335,524,408
three,0,439,581,495
threw,0,333,557,421
thrifty,0,297,461,381
thrill,403,320,504,483
throat,0,578,548,561
throe,0,240,205,299
throng,0,400,377,452
through,0,274,587,320
throw,264,400,548,477
thud,0,423,456,453
thumb,183,638,601,599
thunder,0,547,547,554
thus,0,197,507,267
thwart,0,340,361,324
thyme,578,587,336,470
ticker,0,0,329,385
ticket,294,590,586,574
tickle,0,473,524,492
tidbit,0,489,388,448
tide,331,516,504,530
tidy,0,311,490,478
tie,0,568,559,551
tiger,0,611,513,606
tight,0,425,555,495
till,0,365,442,364
timber,403,578,440,553
time,0,343,604,413
timepiece,0,577,421,568
timid,0,0,473,404
tin,286,593,575,532
tip,328,459,493,483
tire,0,563,546,511
tiresome,0,0,464,361
title,375,384,523,413
to,0,199,613,220
toad,0,568,516,591
toast,0,582,571,594
toaster,0,579,520,580
tobacco,366,609,558,601
toe,194,607,578,620
toga,0,0,291,519
together,0,0,603,426
toil,0,386,468,393
toilet,0,586,567,603
token,450,467,473,416
told,0,318,531,286
tolerant,0,265,498,335
toll,0,424,485,419
tomahawk,0,586,366,619
tomato,0,662,574,610
tomb,411,573,450,596
ton,386,473,501,475
tongue,0,634,531,621
too,0,208,595,261
tool,300,570,532,538
tooth,0,619,578,624
top,0,435,571,486
topic,483,366,539,364
torment,472,288,398,386
tornado,0,644,484,591
tortoise,0,602,415,539
torture,408,437,471,533
touch,269,417,590,456
tough,0,404,534,486
tourist,0,533,536,577
tow,0,409,468,406
tower,353,585,463,596
town,0,556,589,553
toy,164,567,550,569
trace,0,371,531,384
track,383,547,514,499
traction,0,406,423,479
tractor,0,590,518,585
trade,0,0,537,390
tradition,486,291,526,354
tragedy,0,331,521,478
trail,386,511,508,525
trailer,0,597,528,587
train,0,592,548,593
trainer,0,0,458,482
traitor,0,467,467,447
trance,481,368,436,463
tranquil,0,334,479,508
transfer,489,331,502,313
transform,0,0,495,305
transformer,592,517,397,399
translation,556,366,495,340
trapeze,0,609,394,552
trapezoid,0,494,411,518
trash,0,588,541,599
travel,0,402,550,506
traveller,364,492,494,491
trawl,0,445,321,352
tray,0,590,558,550
treason,0,0,396,363
treasurer,0,557,511,493
treat,0,399,534,360
treatment,433,343,529,408
treaty,536,361,372,321
tree,0,604,613,622
trellis,0,574,208,544
tremor,511,487,401,491
tremulous,0,0,256,324
trend,0,328,503,373
trey,0,389,256,287
trial,433,446,509,516
triangle,0,523,512,597
tribe,0,504,503,515
tribute,0,339,420,386
trick,308,391,531,459
tricycle,0,0,436,0
trim,367,388,456,378
trip,314,448,559,520
tripod,0,577,363,574
triumph,458,332,490,470
triumphant,0,0,473,426
trolley,0,579,449,585
trombone,0,606,481,579
troop,406,509,470,498
trouble,322,310,590,395
troupe,0,479,363,404
trout,394,617,479,617
truce,0,335,386,481
truck,0,595,620,621
TRUE,0,269,605,365
truism,0,276,398,292
trumpet,0,608,490,628
trunk,328,596,485,529
trust,400,300,548,356
trustworthy,0,0,460,337
truth,0,261,581,374
try,229,260,636,318
tube,0,581,539,564
tuberculosis,0,519,461,426
tuck,342,437,452,416
tulip,0,619,546,641
tumble,350,433,490,461
tun,0,211,141,235
tune,0,464,545,463
tunic,406,563,373,508
tunnel,0,555,541,578
turmoil,0,0,431,429
turn,233,359,583,384
turner,517,462,368,345
turpentine,0,604,483,587
turtle,0,644,509,564
tush,656,287,157,143
tusk,0,580,433,538
twang,0,371,371,387
tweed,419,570,429,540
tweezers,0,590,415,619
twig,0,559,493,555
twilight,411,467,423,588
twist,0,423,510,529
two,0,383,596,445
type,383,376,567,395
typewriter,389,611,524,615
typhoon,0,542,331,536
typical,0,268,557,299
tyranny,0,302,419,386
tyrant,492,467,387,494
ugly,0,377,562,491
ulcer,517,558,423,516
umbrella,306,606,511,592
umpire,0,581,542,572
unanimity,661,250,269,216
unbelief,489,260,366,332
unbeliever,486,379,373,328
uncertainty,522,237,451,283
uncle,192,580,557,574
unclean,0,0,403,424
unconcern,503,252,380,322
under,0,319,544,426
underbrush,575,470,251,307
undergraduate,639,500,530,518
undertaking,519,300,430,278
underworld,0,425,399,448
unfair,0,0,588,264
uniform,331,550,484,591
unique,0,300,534,379
unit,411,389,513,334
unite,0,309,494,474
universal,0,339,560,356
university,497,533,622,615
unjust,0,244,504,366
unkempt,0,0,305,393
unknown,406,222,548,297
unlimited,0,263,532,390
unnatural,0,0,462,305
unpleasant,0,0,528,356
unpopular,0,0,500,307
unreality,525,203,421,295
unrest,481,324,444,379
unstable,0,0,493,356
unsuccessful,0,339,507,293
untidy,0,0,515,458
up,0,400,608,391
upheaval,494,320,390,424
upholstery,508,570,380,478
upkeep,0,299,395,347
upon,0,311,575,334
upright,436,348,480,453
upset,329,282,536,416
urban,0,420,518,476
urchin,469,568,332,529
urn,442,551,369,510
us,0,397,618,428
used,0,315,567,344
usual,353,235,604,235
usurp,0,260,214,262
usury,678,300,176,189
utensil,0,567,494,534
utter,0,365,480,370
utterance,539,358,357,313
vacant,0,318,534,475
vacate,0,351,408,369
vacuum,0,389,487,479
vague,0,272,522,321
vain,0,315,486,351
vale,481,467,334,421
valley,339,575,515,600
valuable,0,0,558,422
value,433,260,552,289
van,267,606,542,572
vane,0,400,411,377
vanity,0,250,433,406
vapour,533,499,455,493
variety,464,297,533,372
vary,0,258,485,272
vase,297,595,452,563
vault,0,550,445,550
veal,0,528,465,519
vegetable,269,602,591,598
vehicle,0,558,534,593
veil,414,560,421,516
vein,0,553,496,546
velocity,0,352,436,417
velvet,0,580,515,569
velveteen,636,550,238,470
venom,531,476,375,456
venture,492,295,461,399
verb,436,337,534,357
verdant,0,0,98,337
verity,611,270,295,240
versatile,0,0,425,327
verse,351,500,483,489
vertical,0,400,524,478
very,0,223,606,243
vessel,400,571,461,525
vest,0,575,472,581
vestal,0,0,177,283
vestibule,0,577,315,530
vestment,0,404,318,365
vet,0,485,456,494
veteran,0,0,443,439
veto,636,326,361,336
vice,517,399,457,413
vicious,0,0,440,441
victim,423,467,511,521
victory,411,376,498,461
view,0,379,523,430
vigil,550,353,370,426
vigilance,0,305,308,383
vigour,0,0,426,0
vile,0,379,404,444
village,317,576,524,578
vine,425,601,411,564
vinegar,0,645,468,562
violet,344,541,461,560
violin,0,626,468,606
virtue,511,243,469,351
vise,0,402,368,432
visitor,311,482,560,499
vista,0,0,280,322
vitriol,656,472,235,294
vivacious,0,0,344,407
vivid,0,0,500,390
vodka,0,576,573,613
voice,275,485,596,489
volcano,0,591,461,627
volt,0,489,435,415
volume,461,418,526,464
voluntary,0,309,558,327
vote,486,389,567,477
voter,0,548,519,486
vow,458,329,463,389
vulgar,0,359,507,420
wad,525,479,354,370
wafer,0,536,430,484
wage,428,451,539,466
wagon,0,0,443,0
waist,325,563,540,530
wait,0,317,577,357
waive,0,337,460,350
walk,206,452,625,505
wall,0,589,596,576
wallet,0,584,558,617
walnut,0,642,538,590
walrus,0,629,506,590
waltz,442,476,442,524
wampum,0,440,262,415
wand,272,570,381,513
wander,0,320,539,406
want,0,302,606,361
war,314,477,582,551
warbler,0,570,273,541
ware,0,368,394,399
warehouse,492,578,449,502
warm,0,0,613,441
warn,0,315,491,359
warrior,374,525,368,553
wary,0,313,436,315
was,0,194,604,264
wash,186,447,632,522
waste,354,430,577,448
watch,0,487,576,525
water,153,616,641,632
watt,578,350,436,370
wave,0,492,518,542
wax,331,569,494,547
way,0,265,567,315
we,0,270,614,389
weak,0,351,562,414
wealth,0,370,557,500
weapon,375,560,517,546
wear,0,360,536,328
weather,292,439,623,537
web,0,561,457,602
weed,0,600,542,596
week,0,383,577,481
weep,356,439,455,523
weigh,0,363,536,411
weight,0,462,578,521
weird,0,253,539,466
welcome,342,350,529,470
welfare,0,309,509,362
well,0,467,550,522
welt,578,458,266,297
wench,0,542,321,520
went,0,240,594,308
were,0,200,593,243
west,342,355,563,426
wet,0,478,585,509
whack,311,409,350,486
whale,0,610,500,623
whalebone,0,567,293,470
wharf,542,573,330,463
what,0,293,608,249
wheat,386,594,510,577
wheel,0,573,566,576
when,0,219,609,231
where,0,256,608,255
wherry,683,378,135,156
whether,0,0,528,207
which,0,215,555,257
whiff,0,413,426,461
while,0,204,543,302
whimper,0,0,416,441
whip,397,570,476,579
whirl,364,402,423,499
whisker,0,560,489,542
whiskey,0,604,574,592
whisper,256,490,550,567
whistle,0,579,505,574
white,0,472,590,566
who,0,234,599,261
wholesaler,0,539,403,409
whom,0,243,501,301
whoop,414,383,320,426
why,0,267,589,251
wick,353,599,438,535
wicker,0,0,233,390
wicket,0,516,350,473
wide,0,348,569,455
widow,426,547,485,505
wife,0,562,585,575
wig,0,618,518,587
wiggle,350,409,388,491
wigwam,0,583,303,593
wild,0,381,572,500
wilderness,422,512,405,564
will,0,275,584,322
willing,0,0,537,348
willow,386,589,425,565
win,269,364,582,454
wind,0,552,592,535
windmill,0,0,368,0
window,231,609,621,602
wine,403,621,570,624
wing,0,595,510,584
wink,0,515,521,501
winter,236,499,615,621
wire,0,585,556,564
wisdom,475,275,510,381
wise,0,268,533,412
wish,0,270,556,399
witch,258,522,474,589
with,0,268,608,287
withdrawn,0,0,487,324
wither,0,384,445,438
without,0,267,577,302
witness,472,459,496,467
witty,0,0,470,380
wizard,0,473,473,551
woe,461,252,359,348
wolf,0,595,537,610
woman,258,580,623,626
womb,0,538,508,529
won,0,324,575,418
wonder,339,305,530,402
wood,269,606,574,577
woodland,381,585,423,608
wool,247,608,540,586
work,0,402,603,458
worker,308,532,587,486
workhouse,0,549,295,419
world,0,532,607,560
worm,253,611,498,578
worn,0,357,537,457
worse,0,279,529,339
would,0,202,588,211
wound,372,561,474,570
wrack,0,354,309,424
wrap,0,457,549,482
wrath,0,304,466,377
wreck,369,505,516,595
wren,375,629,396,551
wrest,0,337,319,313
write,0,446,560,548
writing,256,467,630,540
wrong,244,303,600,344
wrote,0,385,574,469
wrung,0,361,383,352
xylophone,0,0,250,0
yacht,363,606,464,624
yard,308,553,522,568
yawn,0,502,567,545
year,269,364,601,428
yellow,0,537,555,598
yelp,378,402,333,499
yeoman,0,0,237,371
yet,0,249,523,237
yew,483,598,321,467
yoke,0,542,441,514
yolk,0,593,471,530
yonder,0,329,387,360
yore,617,267,214,218
you,0,370,632,400
young,0,0,609,521
your,0,256,581,289
yourself,0,0,618,426
youth,431,439,551,507
yucca,694,316,136,167
zeal,0,304,388,347
zealous,0,0,317,337
zebra,0,0,333,0
zenith,0,430,416,449
zero,0,341,569,483
zipper,0,599,556,632
zodiac,0,0,409,415
zone,478,392,456,432
zoo,0,583,565,613
zoologist,583,525,472,470
zoology,0,356,448,364
